,10CH4_SSP119,10CH4_SSP434,10CH4_SSP585,CNTR_SSP119,CNTR_SSP434,CNTR_SSP585,antro10_SSP119,antro10_SSP434,antro10_SSP585
YR6,514.0751697484894,639.2377985033722,666.9844872564223,495.33362574405635,613.2530127511377,637.9771929430378,557.5870138202199,677.0001479430734,700.6874475546168
