,10CH4_SSP119,10CH4_SSP434,10CH4_SSP585,CNTR_SSP119,CNTR_SSP434,CNTR_SSP585,antro10_SSP119,antro10_SSP434,antro10_SSP585
YR3,1569.5661792061742,2445.092946273872,2690.399976993862,1426.8783439768565,2222.811767443198,2445.8181542121197,1426.8783444681255,2222.8117675892922,2445.8181549707792
