Scenario,10CH4_SSP119,10CH4_SSP434,10CH4_SSP585,CNTR_SSP119,CNTR_SSP434,CNTR_SSP585,antro10_SSP119,antro10_SSP434,antro10_SSP585
YR3,187.206160384,233.10356753066665,243.1280100693334,181.16829593600002,224.76522973866668,233.78939221333337,200.24225109333335,244.2076228266667,252.96802065066663
