Scenario,10CH4_SSP119,10CH4_SSP434,10CH4_SSP585,CNTR_SSP119,CNTR_SSP434,CNTR_SSP585,antro10_SSP119,antro10_SSP434,antro10_SSP585
YR6,4308.614578176,6715.209853610668,7384.918043306668,3916.2645708799996,6104.021904042666,6712.637085013334,3916.3562338986667,6104.078483456,6712.701921962668
