Scenario,CNTR,antro01,antro1,antro10,antro100,nemo,epia,munich,usdrydep,maud,zep
YR5,4975.034979669334,4975.036246698667,4975.044504234666,4975.129875797334,4975.915040768,4975.046033407999,4975.0443731626665,4975.044635306666,4975.043848874667,4975.045989717332,4975.044635306666
