Scenario,CNTR,antro01,antro1,antro10,antro100,nemo,epia,munich,usdrydep,maud,zep
YR2,204.32049902933338,204.48067584,205.9224200533333,220.3371588266667,365.2903294293333,206.20427400533336,205.767766016,205.85358131200005,205.6356140373333,206.22323438933327,205.8714166613333
