,CNTR,antro01,antro1,antro10,antro100,nemo,epia,munich,usdrydep,maud,zep
YR5,559.131424287716,559.7384593024173,565.2027272172636,619.8703410113975,1173.0233619138392,566.8093221774493,565.0131518836243,565.2247087063729,564.169946722708,568.1106344206308,565.6271077226451
