Scenario,CNTR,antro01,antro1,antro10,antro100,nemo,epia,munich,usdrydep,maud,zep
YR10,4975.034105856001,4975.034717525334,4975.03830016,4975.086054058666,4975.496790016,4975.040004096,4975.038474922667,4975.038431232,4975.038343850667,4975.039741952,4975.038431232
