Scenario,CNTR,antro01,antro1,antro10,antro100,nemo,epia,munich,usdrydep,maud,zep
YR2,4975.025192960001,4975.026328917334,4975.037426346668,4975.146303488,4976.186359808001,4975.038780757334,4975.036071936001,4975.036508842667,4975.0349796693345,4975.038562304001,4975.036465152
