,CNTR,antro01,antro1,antro10,antro100,nemo,epia,munich,usdrydep,maud,zep
YR2,558.5407121391181,559.0262022378624,563.3961410606557,607.0853620720715,1046.3148527573503,564.7652322935187,563.345907876294,563.4829682568301,562.595035325844,566.0507428843239,563.8788226667804
