,CNTR,antro01,antro1,antro10,antro100,nemo,epia,munich,usdrydep,maud,zep
YR2,1813.060158638216,1813.0601586155835,1813.060158868095,1813.0601590269796,1813.0601608000704,1813.0601586833186,1813.0601588096345,1813.0601588670918,1813.060158815932,1813.0601587023102,1813.0601588905224
