,CNTR,antro01,antro1,antro10,antro100,nemo,epia,munich,usdrydep,maud,zep
YR10,559.2109730592227,559.8319920723645,565.4223013471468,621.3596698628039,1188.2965325836278,567.0542402509586,565.215882177265,565.4357237886984,564.362208510358,568.357095111123,565.8386049894688
