Scenario,CNTR,antro01,antro1,antro10,antro100,nemo,epia,munich,usdrydep,maud,zep
YR10,204.6163053226667,204.83120196266668,206.76545740799997,226.12051968,422.3502964053334,207.14919253333338,206.546116608,206.6648992426667,206.3728489813334,207.17452219733332,206.68484812800003
