,CNTR,antro01,antro1,antro10,antro100,nemo,epia,munich,usdrydep,maud,zep
YR10,1813.0601586198031,1813.0601586484024,1813.0601588164484,1813.060159266898,1813.0601616102558,1813.0601587077256,1813.0601588230077,1813.060158867682,1813.060158848638,1813.0601586607613,1813.0601588300779
