Scenario,CNTR,antro01,antro1,antro10,antro100,nemo,epia,munich,usdrydep,maud,zep
YR5,204.5803533653333,204.78902408533335,206.66746880000002,225.460736,415.67428881066667,207.040073728,206.45563733333336,206.57073083733334,206.28699272533333,207.0647507626667,206.590488576
