,OSLOCTM3,WACCM6-2deg,INCA,GFDL-emi,WACCM-emi
O3,8.544668824265672,8.922852826540938,5.431119327550002,,
CH4,16.750289640984313,16.676069099190656,19.321207308465578,,
strat H2O,1.9145357134046415,0.5840639910961397,0.817921542917193,,
H2,0.20501137938537847,0.23836642516186468,0.10898596764421555,,
