,OSLOCTM3,WACCM6-2deg,INCA,GFDL-emi,WACCM-emi
O3,1.9274694985624063,1.7736170742542041,1.221540237160971,2.9420066549940973,1.7220800264811884
CH4,4.227707195830232,5.140059663885827,4.078799763628679,3.5861552753880472,
strat H2O,1.39251351221847,0.5318799612497425,0.43700664882762413,2.1830218400727617,
O3 CH4ind,2.156640789419294,2.7502881900818363,1.1465354041175269,,
strat H2O CH4ind,0.48322128068939635,0.18002586484288083,0.1726671704648458,,
