,H2 burden [Tg],H2 lifetime [yrs],H2 atm.loss[Tg/yr],H2 drydep [Tg/yr],H2 atm. prod [Tg/yr],H2 atmospheric lifetime [yrs],H2 estimated emissions [Tg/yr]
OSLOCTM3,196.23519709866667,2.503252553328885,28.39208905937533,50.0,56.326479619932435,6.911615298482871,22.065609439442902
WACCM6-2deg,194.5694,2.462152061927422,29.02412,50.0,33.94021,6.70371401441284,45.083909999999996
INCA,194.4,2.695298202025356,22.1256,50.0,46.678000000000004,8.78620240807029,25.447599999999987
GFDL-emi,191.7,2.6579187816555074,22.1241,50.0,44.684,8.664759244443841,27.4401
OSLOCTM3-emi,208.86542062933339,2.6086609546742743,30.066142844313386,50.0,56.22571343575628,6.946864508389626,23.840429408557107
