,OSLOCTM3,WACCM6-2deg,INCA,GFDL-emi,WACCM-emi
O3,2.6899015936917263,2.470094679642955,1.7421867040808992,4.252267652042525,2.4307781567094633
CH4,5.900024011901382,7.158497859043511,5.817271098099558,5.18329625354462,
strat H2O,1.943337790064878,0.7407426786552181,0.623268190454302,3.15525906050759,
O3 CH4ind,3.009724149101347,3.8302925272991146,1.6352132136506559,,
strat H2O CH4ind,0.6743648571360669,0.2507198072241763,0.24626159619127097,,
