,OSLOCTM3,WACCM6-2deg,INCA,GFDL-emi,OSLOCTM3-emi
O3,1.9202837760551952,1.7736170742542041,1.221540237160971,2.9420066549940973,1.9194258772466686
CH4,4.2116472711044,5.140059663885827,4.078799763628679,3.5861552753880472,4.2813659190543465
strat H2O,1.524525259393675,0.5252122278878847,0.5841340437395527,2.1257393469892527,0.9293856184425767
O3 CH4ind,2.1519774026850143,2.7502881900818363,1.1465354041175269,,2.187600745590151
strat H2O CH4ind,0.5296290950877024,0.2415748147125146,0.2324912665847248,,0.5383964542817656
