GFDL-emi,
GFDL_nudge,1.2060821092222989
INCA,1.2124660461224963
OSLOCTM3,1.307200129120102
OSLOCTM3-emi,
UKCA,1.3122989525323632
WACCM6-2deg,1.3930035790688395
