,deltaH2,surf_h2_per_h2_flux,surf_ch4_per_h2_flux,ch4_flux_per_h2_flux,ch4_rf_per_h2_flux,trop_du_ozone_per_h2_flux,strat_du_ozone_per_h2_flux,strat_du_6060_ozone_per_h2_flux,strat_du_gt60_ozone_per_h2_flux,ozone_rf_per_h2_flux,h2o_rf_per_h2_flux
OSLOCTM3,7.586693914570148,7.012277099756195,1.2165299165614505,0.3512833957070228,0.5389227530367225,0.004658716170976981,-0.0034417238944249844,0.0006254645043641329,0.0002446041551770767,0.24571967987529167,0.1950783854819395
WACCM6-2deg,7.633295188015424,6.966585031781776,1.4817928976846275,0.42926770190649643,0.65643425367429,0.0042677813260073505,0.0003534142401466171,6.593173886019931e-08,0.00035334830840775416,0.22650768212325897,0.06707457099312238
INCA,6.989924510180558,7.6109548711887065,1.204161985769141,0.30108217386346886,0.5334437596957294,0.004189531041785621,-0.003924069286092086,-0.003022179987901532,-0.0009018892981905403,0.15975852076421845,0.07639567483486402
GFDL-emi,183.60926194657887,7.333508047060089,1.0729306240407261,0.24605349164327242,0.4753082664500417,0.003971280474479239,-0.0012329672131345803,-0.00118957220467905,-4.339500845552994e-05,0.18522377160850886,0.1776544366780936
UKCA,7.410248389547974,7.224993979353773,1.4092902772827265,0.36761953717715246,0.6243155928362478,,,,,0.20854901465648032,
