,deltaH2,surf_h2_per_h2_flux,surf_ch4_per_h2_flux,ch4_flux_per_h2_flux,ch4_rf_per_h2_flux,trop_du_ozone_per_h2_flux,strat_du_ozone_per_h2_flux,ozone_rf_per_h2_flux,h2o_rf_per_h2_flux,aerosol_rf_per_h2_flux
GFDL,31.49531173512009,6.766148102879836,1.0568487822333892,0.2526161031070145,0.4681840105293914,7.8274988424987875,2.1742524785317188,0.3976077822167188,0.27251590732701353,-0.006101495608659809
GFDL-emi,208.95877876177062,6.558424224971524,0.9427696752793306,0.0,0.41764696614874347,7.513289686852971,4.929820709767599,0.3658855610328996,0.2361231257780821,-0.06891311331991046
INCA,7.924392988153883,6.7109241148815375,0.9844080057089372,0.2681064976429143,0.4360927465290592,6.477731628061088,-3.713914911207507,0.25348206200674134,0.13995124183431362,0.041860715459224
OsloCTM,8.486674889434994,6.268650642694969,1.0875213478907924,0.314031070498264,0.481771957115621,9.487976265168337,5.73538814847402,0.4658275282044634,0.23497550955081792,-0.03965119208612557
OsloCTM-emi,13.865031889301065,6.429631708874044,1.0974281859286747,0.31689175453018936,0.4861606863664029,9.602610783443282,5.751955303545603,0.46942442557774244,0.23639742099094485,-0.03484726419739264
UKCA,8.334612339418344,6.423694086740991,1.2589579211040207,0.3316216024743151,0.5577183590490812,9.095252325689838,,0.3227333871034994,,
WACCM,8.532545521858209,6.232372257935407,1.3256258131357976,0.3840269090787922,0.5872522352191584,10.269863437005903,4.575196517298609,0.5180176502824481,0.0876054820662826,
