,OSLOCTM3,WACCM6-2deg,INCA,GFDL-emi,UKCA
O3,2.6796039244851872,2.470094679642955,1.7421867040808992,4.252267652042525,
CH4,5.877020207597846,7.158497859043511,5.817271098099558,5.18329625354462,6.399397981140651
strat H2O,2.1273542582545204,0.7314566084309965,0.833104414774962,3.0724650627598717,
O3 CH4ind,3.0029140304898654,3.8302925272991146,1.6352132136506559,,
strat H2O CH4ind,0.7390554559774365,0.3364382725104455,0.33158399628342317,,
