,GFDL-emi,GFDL_nudge,INCA,OSLOCTM3,OSLOCTM3-emi,UKCA,WACCM6-2deg
O3,3.052815712961056,2.5021808969324986,1.7322746755486162,2.6796039244851872,2.7196334763815506,2.2742531587402435,2.4999529669792984
strat H2O,3.033359897031823,,0.8283645354553247,2.1273542582545204,1.17587611702723,,0.7314566084309965
O3 CH4ind,,2.39142743619362,1.50674400525711,3.0029140304898654,3.0337877016603723,2.927512464568811,3.814587903367105
strat H2O CH4ind,,,0.30553336682245036,0.7390554559774365,0.7466538603582952,,0.3364382725104455
CH4dir,5.11732523194727,4.736576742067185,4.464753149931617,4.495884047650581,5.937443245856522,4.8764787694081715,5.138894089438482
CH4indir,,1.025657494369997,0.8959913472638282,1.381136159947266,,1.5229192117324795,2.0196037696050286
