,deltaH2,surf_h2_per_h2_flux,surf_ch4_per_h2_flux,ch4_flux_per_h2_flux,ch4_rf_per_h2_flux,trop_du_ozone_per_h2_flux,strat_du_ozone_per_h2_flux,ozone_rf_per_h2_flux,h2o_rf_per_h2_flux
GFDL-emi,184.04389383051864,7.431704311164624,1.0703968270819804,0.23299327508698367,0.4741857943973173,0.0039755673426605095,-0.0012407599447327598,0.18526667356537918,0.177234893921762
GFDL_nudge,27.906299097559426,7.6363384123847835,1.1927694796417374,0.2851049108608773,0.5283968794812897,0.004474175794497424,-0.002652467407100472,0.22944998824871013,0.17623261267310464
INCA,7.029920667927001,7.564807984622948,1.1096620099160774,0.30221980451260294,0.4915802703928223,0.004037103324468299,-0.005718947710266931,0.15078406287514695,0.11721327151803877
OSLOCTM3,7.586693914570148,7.012277099756195,1.2165299165614505,0.3512833957070228,0.5389227530367225,0.005038784985825915,0.0008700686595412095,0.24571967987529167,0.1950783854819395
OSLOCTM3-emi,12.403990588195,7.186965198509745,1.2266920621981117,0.3542178019869816,0.5434245835537634,0.0051124011685670006,0.0008374543484442296,0.2470495263771338,0.19590469556730034
UKCA,7.438311135100292,7.197736022006052,1.410659763145355,0.3715813240128526,0.6249222750733923,0.004457482007489789,,0.16152860214871878,
WACCM6-2deg,7.633295188015424,6.966585031781776,1.4817928976846275,0.42926770190649643,0.65643425367429,0.0043023738753773496,-0.0014327226141138067,0.22924568707200166,0.06707457099312238
