,OSLOCTM3,WACCM6-2deg,INCA,GFDL-emi
O3,2.6796039244851872,2.470094679642955,1.7421867040808992,4.252267652042525
CH4,5.877020207597846,7.158497859043511,5.817271098099558,5.18329625354462
strat H2O,2.1273542582545204,0.34001303282534606,0.6232681904543022,3.15525906050759
O3 CH4ind,3.0029140304898654,3.8302925272991146,1.6352132136506559,
strat H2O CH4ind,0.7390554559774365,0.2681495264429693,0.24626159619127097,
