,deltaCH4,surf_ch4_per_ch4_flux,h2_flux_per_ch4_flux,trop_du_ozone_per_ch4_flux,strat_du_ozone_per_ch4_flux,ozone_rf_per_ch4_flux,h2o_rf_per_ch4_flux
GFDL-emi,,,,,,,
GFDL_nudge,43.41762916666664,4.183616045195985,0.01194941089176958,0.01529266204439895,0.017910421804896992,0.7691691287841895,
INCA,49.38223333333349,3.6717051409177364,0.009985649697473545,0.010802869974171788,0.005070753319613615,0.446531039840913,0.09270540619534527
OSLOCTM3,52.351922278819075,3.4631011070505022,0.014291355095339438,0.0158695637175083,0.01578693183060065,0.7838890763444516,0.1929251030403201
OSLOCTM3-emi,,3.4631011070505022,0.014291355095339438,0.0158695637175083,0.01578693183060065,0.7838890763444516,0.1929251030403201
UKCA,50.14505208333344,3.6022896077525055,0.014747808239480156,0.014679353318231452,,0.5123037853726418,
WACCM6-2deg,52.37247500000012,3.451908660035628,0.016399358036155325,0.016719972730785442,0.015251336446530074,0.814870788520113,0.07186981329410136
