,OSLOCTM3,WACCM6-2deg,INCA,GFDL-emi
O3,1.9274694985624063,1.4426584025829585,1.221540237160971,2.9420066549940973
CH4,4.227707195830232,5.211055661539338,4.078799763628679,3.5861552753880472
strat H2O,1.39251351221847,0.5297205451025168,0.43700664882762413,2.1830218400727617
O3 CH4ind,2.156640789419294,2.7125447426001204,1.1465354041175269,
strat H2O CH4ind,0.48322128068939635,0.1824629795993117,0.1726671704648458,
