,deltaCH4,surf_ch4_per_ch4_flux,h2_flux_per_ch4_flux,trop_du_ozone_per_ch4_flux,strat_du_ozone_per_ch4_flux,ozone_rf_per_ch4_flux,h2o_rf_per_ch4_flux
GFDL-emi,,,,,,,
GFDL_nudge,43.29237083333328,4.195730283254169,0.012127435156453058,0.01533690848604767,0.017962242242110182,0.7713945750064325,
INCA,45.33127499999989,3.9994462983889245,0.010659577854147732,0.011900103898232655,0.007774173900893318,0.4980336423363352,0.10098987950372036
OSLOCTM3,52.351922278819075,3.4631011070505022,0.014291355095339438,0.0158695637175083,0.01578693183060065,0.7838890763444516,0.1929251030403201
OSLOCTM3-emi,,3.4631011070505022,0.014291355095339438,0.0158695637175083,0.01578693183060065,0.7838890763444516,0.1929251030403201
UKCA,50.14505208333344,3.6022896077525055,0.014747808239480156,0.014679353318231452,0.024066836013249323,0.7300321463255021,
WACCM6-2deg,52.37247500000012,3.451908660035628,0.016399358036155325,0.016719972730785442,0.015251336446530074,0.814870788520113,0.07186981329410136
