,OSLOCTM3,WACCM6-2deg,INCA,GFDL-emi,OSLOCTM3-emi,UKCA,GFDL_nudge
O3,2.6796039244851872,2.470094679642955,1.7421867040808992,4.252267652042525,2.7196334763815506,2.2742531587402435,1.315547004201413
strat H2O,2.1273542582545204,0.7314566084309965,0.833104414774962,3.0724650627598717,1.17587611702723,,
O3 CH4ind,3.0029140304898654,3.8302925272991146,1.6352132136506559,,3.0337877016603723,2.927512464568811,2.2313286553718537
strat H2O CH4ind,0.7390554559774365,0.3364382725104455,0.33158399628342317,,0.7466538603582952,,
CH4dir,4.495884047650581,5.138894089438482,4.797883715344747,5.18329625354462,5.937443245856522,4.8764787694081715,4.457808170504457
CH4indir,1.381136159947266,2.0196037696050286,1.019387382754811,,,1.5229192117324795,0.918674510285956
