,deltaH2,surf_h2_per_h2_flux,surf_ch4_per_h2_flux,ch4_flux_per_h2_flux,ch4_rf_per_h2_flux,trop_du_ozone_per_h2_flux,strat_du_ozone_per_h2_flux,ozone_rf_per_h2_flux,h2o_rf_per_h2_flux
GFDL-emi,292.639631503842,4.601222305675034,0.6731829143839447,0.15437997843230208,0.2982200310720875,0.0026877328234011758,-0.0033007897764876113,0.10514912092347962,0.11146473849893347
GFDL_nudge,40.89550374883295,5.21090151745079,0.8198450373944589,0.19539984270833416,0.3631913515657453,0.0030530908410651087,-0.0018099923469260615,0.15657222464664536,
INCA,10.962264118324995,4.8530120626329944,0.7678159628069158,0.1919805656888582,0.3401424715234637,0.002671392095560474,-0.002502124359205174,0.10186764229966654,0.0487125646888349
OSLOCTM3,11.58660935841391,4.591507174734203,0.7965609117707153,0.23001376140852567,0.3528764839144269,0.003299301651266328,0.0005697045960910089,0.16089262547254723,0.12773365824448552
OSLOCTM3-emi,18.79500006352916,4.716930593792889,0.8065726379917775,0.23290473279849733,0.3573116786303574,0.003377264970225794,0.0008123074050139288,0.16366586802886113,0.07076350069191031
UKCA,11.394407101186317,4.698708719510815,0.8614811182577993,0.23914821184943083,0.38163613538820507,0.0029208427362721794,-0.001523326439440491,0.1356279432774613,
WACCM6-2deg,11.629963338427785,4.572499366725352,0.9725707868878448,0.2817487027243087,0.4308488585913153,0.0028238515328287265,-0.0009403636381156686,0.15046479073738533,0.04402421444513475
