,H2 burden [Tg],H2 atm loss [Tg/yr],H2 atm prod [Tg/yr],H2 soil sink [Tg/yr],H2 estimated emissions [Tg/yr],H2 atm lifetime [yrs],H2 soil sink lifetime [yrs],H2 total lifetime [yrs]
GFDL-emi,192.3998,22.31953,45.09539,50.0,27.22414,8.620244243494374,3.847996,2.660412754341739
GFDL_nudge,187.9586,21.69856,45.03848,50.0,26.66008,8.662261458824917,3.759172,2.621511505949352
INCA,194.5285,22.46967,47.10366,50.0,25.36601000000001,8.657381261051007,3.8905700000000003,2.6842746765646925
OSLOCTM3,196.23519709866667,28.39208905937533,56.326479619932435,50.0,22.065609439442902,6.911615298482871,3.9247039419733336,2.503252553328885
OSLOCTM3-emi,208.86976512,30.066624949620085,56.22570704135994,50.0,23.840917908260153,6.9468976138819745,4.1773953024,2.60869950808375
UKCA,191.18468000000001,26.75437,49.407090000000004,50.0,27.34727999999999,7.145923451010059,3.8236936000000004,2.4908637775282374
WACCM6-2deg,194.5694,29.02412,33.94021,50.0,45.083909999999996,6.70371401441284,3.891388,2.462152061927422
