,deltaH2,surf_h2_per_h2_flux,surf_ch4_per_h2_flux,ch4_flux_per_h2_flux,ch4_rf_per_h2_flux,trop_du_ozone_per_h2_flux,strat_du_ozone_per_h2_flux,ozone_rf_per_h2_flux,h2o_rf_per_h2_flux,aerosol_rf_per_h2_flux
GFDL-emi,293.60267031456544,4.667669797360406,0.6709748238629251,0.14214438441114885,0.2972418469712758,2.37682975943284,-1.2966306882580876,0.10573847971729389,0.11109912578469418,-0.13862271741736573
GFDL_nudge,43.85746637560696,4.858966131812776,0.7589535968232727,0.1814109107107889,0.3362164433927098,2.846896965433237,-1.6877525066118073,0.14599794582665027,0.11213598063054864,-0.15527572755063768
INCA,11.005353202268623,4.832193844449957,0.7088219482419157,0.19304980139683736,0.31400812307116865,2.578791936762756,-3.653108443526535,0.09631676335308291,0.0748726537763588,
OSLOCTM3,11.58660935841391,4.591507174734203,0.7965609117707153,0.23001376140852567,0.3528764839144269,3.299301651266328,0.5697045960910089,0.16089262547254723,0.12773365824448552,-0.02416582723544321
OSLOCTM3-emi,18.897507481999725,4.71739718928088,0.8051790326640874,0.23250231736660223,0.3566943114701907,3.355689952147686,0.5496902629111154,0.16215895153997986,0.12858838671261946,-0.020637642311901887
UKCA,11.421872043180542,4.687410242173541,0.9186695652318101,0.24198638275328316,0.40697061739769186,2.9028637271957933,,0.10519291368855412,,
WACCM6-2deg,11.629963338427785,4.572499366725352,0.9725707868878448,0.2817487027243087,0.4308488585913153,2.8238515328287264,-0.9403636381156687,0.15046479073738533,0.04402421444513475,
