,GFDL_nudge,INCA,OSLOCTM3,OSLOCTM3-emi,UKCA,WACCM6-2deg
O3,8.594068478035636,4.989173629507408,8.758537165859794,8.758537165859794,6.016668120173744,9.104701547710759
CH4,17.808648501662194,15.629566755160214,14.741589494570952,14.741589494570952,16.160230210944857,14.693945936317022
strat H2O,5.146842226069762,1.498967166370527,2.155587743467264,2.155587743467264,,0.80301467367711
H2,0.14414856838756374,0.08636412826771475,0.17806553000492215,0.17946963103245409,0.14220180505477026,0.20443474764370104
