,deltaH2,surf_h2_per_h2_flux,surf_ch4_per_h2_flux,ch4_flux_per_h2_flux,ch4_rf_per_h2_flux,trop_du_ozone_per_h2_flux,strat_du_ozone_per_h2_flux,strat_du_6060_ozone_per_h2_flux,strat_du_gt60_ozone_per_h2_flux,ozone_rf_per_h2_flux,h2o_rf_per_h2_flux
GFDL-emi,292.639631503842,4.601222305675034,0.6731829143839447,0.15437997843230208,0.2982200310720875,0.00249167849602223,-0.0007735937844256011,-0.0007463666948009312,-2.722708962466963e-05,0.1162139243588868,0.11146473849893347
GFDL_nudge,27.43452113569505,4.854803230661607,0.7085252084571121,0.18449747946992467,0.31387666734650066,,,,,0.07680104892585796,
INCA,10.962264118324995,4.8530120626329944,0.7678159628069158,0.1919805656888582,0.3401424715234637,0.002671392095560474,-0.002502124359205174,-0.001927048075433336,-0.0005750762837718286,0.10186764229966654,0.0487125646888349
OSLOCTM3,11.58660935841391,4.591507174734203,0.7965609117707153,0.23001376140852567,0.3528764839144269,0.0030504397387311998,-0.0022535760823336392,0.0004095423952127244,0.00016016220087828454,0.16089262547254723,0.12773365824448552
OSLOCTM3-emi,18.79500006352916,4.716930593792889,0.8065726379917775,0.23290473279849733,0.3573116786303574,0.003377264970225794,0.0008123074050139288,,,0.16366586802886113,0.07076350069191031
UKCA,11.394407101186317,4.698708719510815,0.8614811182577993,0.23914821184943083,0.38163613538820507,,,,,0.1356279432774613,
WACCM6-2deg,11.629963338427785,4.572499366725352,0.9725707868878448,0.2817487027243087,0.4308488585913153,0.0028011468059982725,0.00023196248691287748,4.3274119645426595e-08,0.00023191921279323025,0.14866770854616793,0.04402421444513475
