,deltaCH4,surf_ch4_per_ch4_flux,h2_flux_per_ch4_flux,trop_du_ozone_per_ch4_flux,strat_du_ozone_per_ch4_flux,ozone_rf_per_ch4_flux,h2o_rf_per_ch4_flux
GFDL-emi,,,,,,,
INCA,45.33127499999989,3.9994462983889245,0.01082907324517962,0.011900103898232655,0.007774173900893318,0.4980336423363352,0.0750034054855066
OSLOCTM3,52.28894428721014,3.4672721446461887,0.014419800085847713,0.015889950298250795,0.015861225914699646,0.7835461311851623,0.1755629249192056
WACCM6-2deg,53.046320833333084,3.4089828881472237,0.017008481861544914,0.016204937370724357,0.014574760096919857,0.7861035288576836,0.05287831381959675
