,H2 burden [Tg],H2 lifetime [yrs],H2 atm.loss[Tg/yr],H2 drydep [Tg/yr],H2 atm. prod [Tg/yr],H2 atmospheric lifetime [yrs],H2 estimated emissions [Tg/yr]
GFDL-emi,191.7,1.7097127201021012,22.1241,90.0,44.684,8.664759244443841,67.4401
GFDL_nudge,187.9104,1.6818908598273916,21.72568,90.0,45.078509999999994,8.649229851493716,66.64717
INCA,194.4,1.7337699865151226,22.1256,90.0,46.678000000000004,8.78620240807029,65.4476
OSLOCTM3,196.23519709866667,1.6575026140492537,28.39208905937533,90.0,56.326479619932435,6.911615298482871,62.0656094394429
OSLOCTM3-emi,208.86542062933339,1.739586328680215,30.066142844313386,90.0,56.22571343575628,6.946864508389626,63.84042940855711
UKCA,191.8406,1.6474799063728696,26.444879999999998,89.99999999999999,48.95605,7.25435698706139,67.48882999999998
WACCM6-2deg,194.5694,1.6347056378152598,29.02412,90.0,33.94021,6.70371401441284,85.08391
