,OSLOCTM3,WACCM6-2deg,INCA,GFDL-emi,GFDL
O3,2.6899015936917263,2.005913403389336,1.7421867040808992,4.252267652042525,5.394044590200013
CH4,5.900024011901382,7.245600468256765,5.817271098099558,5.18329625354462,4.936708036792723
strat H2O,1.943337790064878,0.7365385593494589,0.623268190454302,3.15525906050759,
O3 CH4ind,3.009724149101347,3.7715996016333277,1.6352132136506559,,2.076925800335593
strat H2O CH4ind,0.6743648571360669,0.2537017326799701,0.24626159619127097,,
