,deltaH2,surf_h2_per_h2_flux,surf_ch4_per_h2_flux,ch4_flux_per_h2_flux,ch4_rf_per_h2_flux,trop_du_ozone_per_h2_flux,strat_du_ozone_per_h2_flux,ozone_rf_per_h2_flux,h2o_rf_per_h2_flux
GFDL-emi,183.60926194657887,7.333508047060089,1.0729306240407261,0.24605349164327242,0.4753082664500417,0.003971280474479239,-0.0012329672131345803,0.18522377160850886,0.1539274201114265
INCA,6.989924510180558,7.6109548711887065,1.204161985769141,0.30108217386346886,0.5334437596957294,0.004189531041785621,-0.003924069286092086,0.15975852076421845,0.0571536930646595
OSLOCTM3,7.5840016416772045,7.014766414031885,1.2212916521249588,0.35223414868393127,0.5410322018913568,0.005071615252268427,0.0013005610558153432,0.2466639761415313,0.17820407534894933
WACCM6-2deg,7.6768655934736785,6.926915594980235,1.499822941171886,0.4399620034429205,0.6644215629391454,0.003592464668223354,-0.0016605340370922188,0.18394225909080214,0.06754058589234538
