,GFDL-emi,GFDL_nudge,INCA,OSLOCTM3,OSLOCTM3-emi,UKCA,WACCM6-2deg
O3,,8.387885810078402,4.985589900989685,8.548408684236113,8.548408684236113,7.961092108238845,8.886268140895451
CH4,,20.21092593262619,17.737899426680013,16.73013948117091,16.73013948117091,17.402555029818537,16.676069099190656
strat H2O,,,1.0109640806471676,2.1038724431877873,2.1038724431877873,,0.7837493270894367
H2,,0.12838745666090512,0.09811031484360491,0.20616951746469708,0.19455684844682541,0.17292819769689724,0.2398606919847653
