,GFDL-emi,GFDL_nudge,INCA,OSLOCTM3,OSLOCTM3-emi,UKCA,WACCM6-2deg
O3,4.0881068271832355,2.2715449639445753,1.4945719421915706,2.454324049252736,2.4694574393061415,1.6107025088731928,2.2914563136142005
strat H2O,2.638247215397566,1.7446952464711503,1.1618181890243908,1.948503161084674,1.9582239843081595,,0.6704529587807707
O3 CH4ind,,2.2776703277497314,1.3966572647702855,2.8647448035122056,2.89083624226103,2.085740554898231,3.6423682152551877
strat H2O CH4ind,,1.3640582280545173,0.41961726290336093,0.7050502463679672,0.7114716823351082,,0.3212488743818779
CH4dir,4.013144032267256,3.373189334306653,3.2080006591418857,3.2909033863801973,4.865598029948733,3.7217886526833874,3.780420722363114
CH4indir,,1.3466043668056862,1.16730266257512,1.530779858248314,,1.880323156416354,2.0979445765605234
