,deltaH2,surf_h2_per_h2_flux,surf_ch4_per_h2_flux,ch4_flux_per_h2_flux,ch4_rf_per_h2_flux,trop_du_ozone_per_h2_flux,strat_du_ozone_per_h2_flux,ozone_rf_per_h2_flux,h2o_rf_per_h2_flux,aerosol_rf_per_h2_flux
GFDL-emi,208.95877876177065,6.558424224971524,0.9427696752793306,0.19972346259217652,0.41764696614874347,7.513289686852971,4.929820709767599,0.3658855610328996,0.23612312577808212,-0.06891311331991046
GFDL_nudge,31.495311735120097,6.766148102879836,1.0568487822333892,0.2526161031070145,0.4681840105293914,3.9643261507101757,-2.3502084828242595,0.20330327427303949,0.15615022455916794,-0.0039370939091778814
INCA,7.924392988153883,6.7109241148815375,0.9844080057089373,0.2681064976429143,0.4360927465290592,3.58141199479409,-5.073416824140295,0.13376418882614557,0.10398272791768298,0.027636186182005543
OSLOCTM3,8.486674889434994,6.268650642694969,1.0875213478907924,0.314031070498264,0.48177195711562104,4.5044401826187945,0.7778010458273797,0.21966200240811987,0.1743910329170783,-0.03299289811944725
OSLOCTM3-emi,13.865031889301065,6.429631708874043,1.0974281859286747,0.31689175453018936,0.4861606863664029,4.573676893373442,0.7492067770980689,0.22101644081789965,0.17526104659558026,-0.028128316120278312
UKCA,8.334612339418342,6.423694086740991,1.2589579211040207,0.3316216024743151,0.5577183590490812,3.978126000415085,,0.14415787454415074,,
WACCM6-2deg,8.53254552185821,6.232372257935408,1.3256258131357976,0.3840269090787922,0.5872522352191584,3.8489439893206745,-1.281727077583066,0.20508534006847096,0.06000553981087898,
