,GFDL_nudge,INCA,OSLOCTM3,OSLOCTM3-emi,UKCA,WACCM6-2deg
O3,9.016467643443672,5.209184380110379,9.121915171909007,9.121915171909007,5.543720748693755,9.483451279686514
CH4,18.89482476615866,16.502978693068773,15.526481607545723,15.526481607545723,15.057994015704537,15.47794961553738
strat H2O,5.399809940527121,1.5650680712281817,2.2450197069620907,2.2450197069620907,,0.8364195679324606
H2,0.1568465101777605,0.09343930425015917,0.1912463353166051,0.19276123868560724,0.1562563423815172,0.22084313769013478
