,h2_agwp_ch4,h2_agwp_o3,h2_agwp_h2o,h2_agwp_ch4ind_o3,h2_agwp_ch4ind_h2o
OSLOCTM3,0.43154065039425177,0.21966200240811987,0.1743910329170783,0.2563946599143424,0.06310199704993306
WACCM6-2deg,0.5261136942536655,0.20508534006847096,0.06000553981087898,0.3259919552653393,0.028751774257178068
INCA,0.391589647293672,0.13376418882614557,0.10398272791768298,0.12500082519694056,0.037555745029850804
GFDL-emi,0.35917639088791936,0.3658855610328996,0.23612312577808212,,
OSLOCTM3-emi,0.4354710236804116,0.22101644081789965,0.17526104659558026,0.2587298436823622,0.06367671556899218
UKCA,0.5013890069144269,0.14415787454415074,,0.18667377966339166,
GFDL_nudge,0.4224215362495543,0.20330327427303949,0.15615022455916794,0.20385149433360097,0.1220832114108793
