,GFDL-emi,GFDL_nudge,INCA,OSLOCTM3,OSLOCTM3-emi,UKCA,WACCM6-2deg
O3,1.9401041486522723,1.7074397453287389,1.110879414391129,1.7545542581520963,1.7847968160181147,1.479039730397615,1.6408374126214322
strat H2O,1.9277397242163448,,0.5312166269229541,1.3929515620990787,0.7716848494210503,,0.48008957955435927
O3 CH4ind,,1.6437336818137316,1.0426693608267408,1.966251635518454,1.990964840454366,1.9038809420539353,2.5036945207576475
strat H2O CH4ind,,,0.21142959864747943,0.48391961418136764,0.49000184922277334,,0.22082035616849865
CH4dir,3.2521268382997546,3.2422411521682863,3.059299120774035,2.943820326535358,3.896528665543701,3.1713733436739795,3.3728993276374846
CH4indir,,0.7184060840993827,0.6499971880968887,0.9043419844180433,,0.990416573318442,1.3255615076004137
