,OSLOCTM3,WACCM6-2deg,INCA,GFDL-emi,OSLOCTM3-emi,UKCA,GFDL_nudge
O3,8.548408684236113,8.922852826540938,5.431119327550002,,8.548408684236113,7.961092108238845,7.699535954615117
CH4,16.73013948117091,16.676069099190656,19.321207308465578,,16.73013948117091,17.402555029818537,18.552364130873627
strat H2O,2.1038724431877873,0.7837493270894367,1.1013073010220322,,2.1038724431877873,,
H2,0.13499384476604598,0.1563615320836623,0.07041174888020879,,0.12767863801585483,0.111267944995495,0.06305885016394178
