,H2 burden [Tg],H2 lifetime [yrs],H2 atm.loss[Tg/yr],H2 drydep [Tg/yr],H2 atm. prod [Tg/yr],H2 atmospheric lifetime [yrs],H2 estimated emissions [Tg/yr]
OSLOCTM3,196.210864128,1.8102361615856626,28.389650086390155,80.0,56.323356482425005,6.911351972670577,52.06629360396516
WACCM6-2deg,194.5694,1.7846454527676996,29.02412,80.0,33.94021,6.70371401441284,75.08391
INCA,194.4,1.9035383880241588,22.1256,80.0,46.678000000000004,8.78620240807029,55.44759999999999
GFDL-emi,191.7,1.8771279257295779,22.1241,80.0,44.684,8.664759244443841,57.4401
WACCM-emi,179.93200000000002,1.6832495101296012,26.89562,80.0,34.023340000000005,6.690011236030253,72.87228
