,OSLOCTM3,WACCM6-2deg,INCA,GFDL-emi,OSLOCTM3-emi
O3,8.548408684236113,8.922852826540938,5.431119327550002,,
CH4,16.73013948117091,16.676069099190656,19.321207308465578,,16.73013948117091
strat H2O,2.1038724431877873,0.6246673701562993,0.817921542917193,,
H2,0.14774549513908666,0.1658870354278542,0.07551884897950255,,0.08861805848340557
