,deltaH2,surf_h2_per_h2_flux,surf_ch4_per_h2_flux,ch4_flux_per_h2_flux,ch4_rf_per_h2_flux,trop_du_ozone_per_h2_flux,strat_du_ozone_per_h2_flux,strat_du_6060_ozone_per_h2_flux,strat_du_gt60_ozone_per_h2_flux,ozone_rf_per_h2_flux,h2o_rf_per_h2_flux
OSLOCTM3,7.5840016416772045,7.014766414031885,1.2212916521249588,0.35223414868393127,0.5410322018913568,0.005071615252268427,0.0013005610558153432,0.0009623386604838553,0.0003382223953314746,0.2466639761415313,0.17820407534894933
WACCM6-2deg,7.633295188015424,6.966585031781776,1.4817928976846275,0.42926770190649643,0.65643425367429,0.0042677813260073505,0.0003534142401466171,6.593173886019931e-08,0.00035334830840775416,0.22650768212325897,0.0679261036326835
INCA,6.989924510180558,7.6109548711887065,1.204161985769141,0.30108217386346886,0.5334437596957294,0.004189531041785621,-0.003924069286092086,-0.003022179987901532,-0.0009018892981905403,0.15975852076421845,0.0571536930646595
GFDL-emi,183.60926194657887,7.333508047060089,1.0729306240407261,0.24605349164327242,0.4753082664500417,0.003971280474479239,-0.0012329672131345803,-0.00118957220467905,-4.339500845552994e-05,0.18522377160850886,0.1539274201114265
WACCM-emi,2.599882782205512,6.273744382492161,,0.39733201578811406,,0.004399476099910705,0.0029806181466433307,,,0.2229023569702578,
