,GFDL-emi,GFDL_nudge,INCA,OSLOCTM3,OSLOCTM3-emi,UKCA,WACCM6-2deg
O3,4.0881068271832355,2.2715449639445753,1.4945719421915706,2.454324049252736,2.4694574393061415,1.6107025088731928,2.2914563136142005
strat H2O,2.638247215397566,1.7446952464711503,1.1618181890243908,1.948503161084674,1.9582239843081595,,0.6704529587807707
O3 CH4ind,,2.1710000887561938,1.337629867939618,2.7504528021937826,2.7755082096071826,1.995257123568142,3.496450393452259
strat H2O CH4ind,,1.3001752264563748,0.4018828370573255,0.6769215266339621,0.683087982071113,,0.3083792430771356
CH4dir,4.666446549147972,3.789266900534906,3.613296084236859,3.721024049335038,5.431962976160927,4.200855581401312,4.280751230149009
CH4indir,,1.441839362363322,1.2592485697191098,1.661902845811566,,2.030634463839819,2.2807262583332077
