,OSLOCTM3,WACCM6-2deg,INCA,GFDL-emi,OSLOCTM3-emi
O3,8.548408684236113,8.922852826540938,5.431119327550002,,8.548408684236113
CH4,16.73013948117091,16.676069099190656,19.321207308465578,,16.73013948117091
strat H2O,2.1038724431877873,0.6246673701562993,0.817921542917193,,2.1038724431877873
H2,0.20616951746469708,0.2320436822006204,0.10898596764421555,,0.17806035179397672
