,GFDL_nudge,INCA,OSLOCTM3,OSLOCTM3-emi,UKCA,WACCM6-2deg
O3,9.016467643443672,5.209184380110379,9.121915171909007,9.121915171909007,6.28843885117689,9.483451279686514
CH4,18.683945025464922,16.3187936630122,15.353194982461506,15.353194982461506,16.89018198655996,15.305204642149684
strat H2O,5.399809940527121,1.5650680712281817,2.2450197069620907,2.2450197069620907,,0.8364195679324606
H2,0.1561743745360917,0.0929206913273636,0.1904363111086178,0.1919438369628822,0.1575549368864683,0.2197046714687932
