,deltaH2,surf_h2_per_h2_flux,surf_ch4_per_h2_flux,ch4_flux_per_h2_flux,ch4_rf_per_h2_flux,trop_du_ozone_per_h2_flux,strat_du_ozone_per_h2_flux,ozone_rf_per_h2_flux,h2o_rf_per_h2_flux,aerosol_rf_per_h2_flux
GFDL-emi,293.08804889493354,4.666719794208005,0.672152961346509,0.14630753367465235,0.2977637618765035,0.0024964473873548523,-0.0007791320471733627,0.11633773580519892,0.11129420023432374,-0.13886611942539553
GFDL_nudge,43.85746637560696,4.858966131812776,0.7589535968232727,0.1814109107107889,0.3362164433927098,0.002846896965433237,-0.0016877525066118072,0.14599794582665027,0.11213598063054864,-0.15527572755063768
INCA,11.005353202268623,4.832193844449957,0.7088219482419157,0.19304980139683736,0.31400812307116865,0.002578791936762756,-0.003653108443526535,0.09631676335308291,0.0748726537763588,
OSLOCTM3,11.58660935841391,4.591507174734203,0.7965609117707153,0.23001376140852567,0.3528764839144269,0.003299301651266328,0.0005697045960910089,0.16089262547254723,0.12773365824448552,-0.02416582723544321
OSLOCTM3-emi,18.897507481999725,4.71739718928088,0.8051790326640874,0.23250231736660223,0.3566943114701907,0.003355689952147686,0.0005496902629111154,0.16215895153997986,0.12858838671261946,-0.020637642311901887
UKCA,11.394407101186317,4.698708719510815,0.8614811182577993,0.23914821184943083,0.38163613538820507,0.0029208427362721794,,0.10600814849543516,,
WACCM6-2deg,11.629963338427785,4.572499366725352,0.9725707868878448,0.2817487027243087,0.4308488585913153,0.0028238515328287265,-0.0009403636381156686,0.15046479073738533,0.04402421444513475,
