,OSLOCTM3,WACCM6-2deg,INCA,GFDL-emi,OSLOCTM3-emi,UKCA,GFDL_nudge
O3,8.548408684236113,8.922852826540938,5.431119327550002,,8.548408684236113,7.961092108238845,7.699535954615117
CH4,16.73013948117091,16.676069099190656,19.321207308465578,,16.73013948117091,17.402555029818537,18.552364130873627
strat H2O,2.1038724431877873,0.7837493270894367,1.1013073010220322,,2.1038724431877873,,
H2,0.20616951746469708,0.23962721952768243,0.11218226200692835,,0.19455684844682541,0.17292819769689724,0.09997525316093005
