,GFDL-emi,GFDL_nudge,INCA,OSLOCTM3,OSLOCTM3-emi,UKCA,WACCM6-2deg
O3,4.0881068271832355,2.2715449639445753,1.4945719421915706,2.454324049252736,2.4694574393061415,1.6107025088731928,2.2914563136142005
strat H2O,2.638247215397566,1.7446952464711503,1.1618181890243908,1.948503161084674,1.9582239843081595,,0.6704529587807707
O3 CH4ind,,2.1710000887561938,1.337629867939618,2.7504528021937826,2.7755082096071826,1.995257123568142,3.496450393452259
strat H2O CH4ind,,1.3001752264563748,0.4018828370573255,0.6769215266339621,0.683087982071113,,0.3083792430771356
CH4dir,4.013144032267256,3.2587695344600194,3.1074346324436988,3.2000806824281325,4.671488159498397,3.612735800005128,3.681446057928148
CH4indir,,1.2399818516324572,1.0829537699584344,1.4292364473979466,,1.7463456389022443,1.9614245821665588
