,H2 burden [Tg],H2 lifetime [yrs],H2 atm.loss[Tg/yr],H2 drydep [Tg/yr],H2 atm. prod [Tg/yr],H2 atmospheric lifetime [yrs],H2 estimated emissions [Tg/yr]
GFDL-emi,192.4082,2.6605208120879844,22.31975,50.0,45.09583,8.620535624278945,27.22392
GFDL_nudge,187.9586,2.621511505949352,21.69856,50.0,45.03848,8.662261458824917,26.66008
INCA,194.5285,2.6842746765646925,22.46967,50.0,47.10366,8.657381261051007,25.36601000000001
OSLOCTM3,196.23519709866667,2.503252553328885,28.39208905937533,50.0,56.326479619932435,6.911615298482871,22.065609439442902
OSLOCTM3-emi,208.86542062933339,2.6086609546742743,30.066142844313386,50.0,56.22571343575628,6.946864508389626,23.840429408557107
UKCA,191.8406,2.509528434082178,26.444879999999998,49.99999999999999,48.95605,7.25435698706139,27.488829999999986
WACCM6-2deg,194.5694,2.462152061927422,29.02412,50.0,33.94021,6.70371401441284,45.083909999999996
