,H2 burden [Tg],H2 lifetime [yrs],H2 atm lifetime [yrs],H2 chem loss [Tg/yr],H2 chem prod [Tg/yr],H2 soil sink [Tg/yr],H2 estimated emissions [Tg/yr]
GFDL-emi,192.4082,2.6605208120879844,8.620535624278945,22.31975,45.09583,50.0,27.22392
GFDL_nudge,187.9586,2.621511505949352,8.662261458824917,21.69856,45.03848,50.0,26.66008
INCA,194.5285,2.6842746765646925,8.657381261051007,22.46967,47.10366,50.0,25.36601000000001
OSLOCTM3,196.23519709866667,2.503252553328885,6.911615298482871,28.39208905937533,56.326479619932435,50.0,22.065609439442902
OSLOCTM3-emi,208.86976512,2.60869950808375,6.9468976138819745,30.066624949620085,56.22570704135994,50.0,23.840917908260153
UKCA,191.18468000000001,2.4908637775282374,7.145923451010059,26.75437,49.407090000000004,50.0,27.34727999999999
WACCM6-2deg,194.5694,2.462152061927422,6.70371401441284,29.02412,33.94021,50.0,45.083909999999996
