,deltaH2,surf_h2_per_h2_flux,surf_ch4_per_h2_flux,ch4_flux_per_h2_flux,ch4_rf_per_h2_flux,trop_du_ozone_per_h2_flux,strat_du_ozone_per_h2_flux,strat_du_6060_ozone_per_h2_flux,strat_du_gt60_ozone_per_h2_flux,ozone_rf_per_h2_flux,h2o_rf_per_h2_flux
OSLOCTM3,10.583938224560015,5.026484364444739,0.8751258461797568,0.2523960651692823,0.38768074985763223,0.0036341045821587695,0.0009319269418558077,0.0006895711053965833,0.00024235583645921486,0.17674895301817267,0.1276934890704337
WACCM6-2deg,10.63079630082467,5.002259331775071,1.0639807475808811,0.3082296932995613,0.47134347117833036,0.003064420927413204,0.00025376417178438724,4.734136660487116e-08,0.0002537168304177804,0.16264068570911053,0.04877339244660139
INCA,9.969179216288893,5.336447348952783,0.8443023438481938,0.21110480823015415,0.37402593832474984,0.002937504189641902,-0.0027513747608915434,-0.002119011958085149,-0.0006323628028063844,0.11201523974766105,0.04007350969749313
GFDL-emi,265.38203911452615,5.07381737095974,0.7423260468466906,0.17023646419606955,0.32885043875308395,0.0027476007017465127,-0.0008530501942155699,-0.0008230265893730169,-3.002360484255271e-05,0.1281503454923844,0.10649741065484564
WACCM-emi,3.6698284515288293,4.444621925911783,,0.28148908874369255,,0.003116800230298897,0.002111613090949525,,,0.15791473842832499,
