,H2 burden [Tg],H2 lifetime [yrs],H2 atm.loss[Tg/yr],H2 drydep [Tg/yr],H2 atm. prod [Tg/yr],H2 atmospheric lifetime [yrs],H2 estimated emissions [Tg/yr]
OSLOCTM3,196.23519709866667,1.8104199190327661,28.39208905937533,80.0,56.326479619932435,6.911615298482871,52.0656094394429
WACCM6-2deg,194.5694,1.7846454527676996,29.02412,80.0,33.94021,6.70371401441284,75.08391
INCA,194.4,1.9035383880241588,22.1256,80.0,46.678000000000004,8.78620240807029,55.44759999999999
GFDL-emi,191.7,1.8771279257295779,22.1241,80.0,44.684,8.664759244443841,57.4401
OSLOCTM3-emi,208.80858999466668,1.8972445674443577,30.05886830707217,80.0,56.22534,6.946655072358088,53.83352830707217
