,CTRL,CTRL,CTRL
GFDL-emi,4954.6990000000005,9.1688348747041,540.3848
GFDL_nudge,4876.041,9.24211853504934,527.5891
INCA,5003.079000000001,8.442241250572666,592.6245
OSLOCTM3,4995.020357632,7.3137779005915124,682.9603558549434
OSLOCTM3-emi,4995.046222506667,7.333027090846315,681.1711126421301
UKCA,4920.619000000001,7.78621213144954,631.9657
WACCM6-2deg,5002.862,6.880894928875744,727.0656
