,H2 burden [Tg],H2 lifetime [yrs],H2 atm.loss[Tg/yr],H2 drydep [Tg/yr],H2 atm. prod [Tg/yr],H2 atmospheric lifetime [yrs],H2 estimated emissions [Tg/yr]
GFDL-emi,192.4082,1.7130397815166076,22.31975,90.0,45.09583,8.620535624278945,67.22391999999999
GFDL_nudge,187.9586,1.682730735293275,21.69856,90.0,45.03848,8.662261458824917,66.66008
INCA,194.5285,1.729608524680476,22.46967,90.0,47.10366,8.657381261051007,65.36601000000002
OSLOCTM3,196.23519709866667,1.6575026140492537,28.39208905937533,90.0,56.326479619932435,6.911615298482871,62.0656094394429
OSLOCTM3-emi,208.86976512,1.7396155276925764,30.066624949620085,90.0,56.22570704135994,6.9468976138819745,63.84091790826015
UKCA,191.18468000000001,1.637494853511693,26.75437,90.0,49.407090000000004,7.145923451010059,67.34727999999998
WACCM6-2deg,194.5694,1.6347056378152598,29.02412,90.0,33.94021,6.70371401441284,85.08391
