,GFDL-emi,GFDL_nudge,INCA,OSLOCTM3,OSLOCTM3-emi,UKCA,WACCM6-2deg
O3,3.092171697230956,2.799319403968905,1.7421867040808992,2.6796039244851872,2.7196334763815506,2.2742531587402435,2.4999529669792984
strat H2O,3.0724650627598717,,0.833104414774962,2.1273542582545204,1.17587611702723,,0.7314566084309965
O3 CH4ind,,2.6948743597230242,1.6352132136506559,3.0029140304898654,3.0337877016603723,2.927512464568811,3.814587903367105
strat H2O CH4ind,,,0.33158399628342317,0.7390554559774365,0.7466538603582952,,0.3364382725104455
CH4dir,5.18329625354462,5.315601088964777,4.797883715344747,4.495884047650581,5.937443245856522,4.8764787694081715,5.138894089438482
CH4indir,,1.1778149692547575,1.019387382754811,1.381136159947266,,1.5229192117324795,2.0196037696050286
