,deltaH2,surf_h2_per_h2_flux,surf_ch4_per_h2_flux,ch4_flux_per_h2_flux,ch4_rf_per_h2_flux,trop_du_ozone_per_h2_flux,strat_du_ozone_per_h2_flux,strat_du_6060_ozone_per_h2_flux,strat_du_gt60_ozone_per_h2_flux,ozone_rf_per_h2_flux,h2o_rf_per_h2_flux
OSLOCTM3,10.586630497452958,5.025206085430047,0.8718014780141614,0.2517401170411303,0.38620805476027353,0.0033385744059513636,-0.0024664415870325153,0.0004482264446823427,0.00017529060412630558,0.1760900222642614,0.13979896628639998
WACCM6-2deg,10.63079630082467,5.002259331775071,1.0639807475808811,0.3082296932995613,0.47134347117833036,0.003064420927413204,0.00025376417178438724,4.734136660487116e-08,0.0002537168304177804,0.16264068570911053,0.04816196129731903
INCA,9.969179216288893,5.336447348952783,0.8443023438481938,0.21110480823015415,0.37402593832474984,0.002937504189641902,-0.0027513747608915434,-0.002119011958085149,-0.0006323628028063844,0.11201523974766105,0.05356509181091699
GFDL-emi,265.38203911452615,5.07381737095974,0.7423260468466906,0.17023646419606955,0.32885043875308395,0.0027476007017465127,-0.0008530501942155699,-0.0008230265893730169,-3.002360484255271e-05,0.1281503454923844,0.12291336711721929
UKCA,10.398367423276724,5.1487890185677765,1.0043106367123438,0.2619788253716979,0.44490961206356827,,,,,0.14861948391442922,
