,H2 burden [Tg],H2 lifetime [yrs],H2 atm lifetime [yrs],H2 chem loss [Tg/yr],H2 chem prod [Tg/yr],H2 soil sink [Tg/yr],H2 estimated emissions [Tg/yr]
GFDL-emi,192.4082,1.7130397815166076,8.620535624278945,22.31975,45.09583,90.0,67.22391999999999
GFDL_nudge,187.9586,1.682730735293275,8.662261458824917,21.69856,45.03848,90.0,66.66008
INCA,194.5285,1.729608524680476,8.657381261051007,22.46967,47.10366,90.0,65.36601000000002
OSLOCTM3,196.23519709866667,1.6575026140492537,6.911615298482871,28.39208905937533,56.326479619932435,90.0,62.0656094394429
OSLOCTM3-emi,208.86976512,1.7396155276925764,6.9468976138819745,30.066624949620085,56.22570704135994,90.0,63.84091790826015
UKCA,191.18468000000001,1.637494853511693,7.145923451010059,26.75437,49.407090000000004,90.0,67.34727999999998
WACCM6-2deg,194.5694,1.6347056378152598,6.70371401441284,29.02412,33.94021,90.0,85.08391
