,GFDL-emi,GFDL_nudge,INCA,OSLOCTM3,OSLOCTM3-emi,UKCA,WACCM6-2deg
O3,,8.594068478035636,4.989173629507408,8.758537165859794,8.758537165859794,5.7240646410351035,9.104701547710759
CH4,,20.707730815886276,18.173914831581644,17.14138313322204,17.14138313322204,17.830327332227487,17.08598364688026
strat H2O,,5.146842226069762,1.498967166370527,2.155587743467264,2.155587743467264,,0.80301467367711
H2,,0.08209638849307876,0.06664158845711013,0.1336745875595022,0.13081710733021107,0.10054228760085375,0.16036114600816975
aerosol,,-2.9120833315102717,,-0.23690122725234286,,,
