CNTR,
antro01,0.8645040477579886
antro1,0.8650645196381782
antro10,0.8659425325162985
antro100,0.8739301374336053
nemo,1.0702981014843767
epia,0.7563830054106854
munich,0.8221732312838476
usdrydep,0.6762562840727866
maud,1.0854191595651757
zep,0.8270784103753125
