CNTR,
antro01,0.924132309733748
antro1,0.9245852062337088
antro10,0.9257606811150748
antro100,0.9370708231660487
nemo,1.0902648397308414
epia,0.827730562458115
munich,0.886315943896226
usdrydep,0.7548658542362994
maud,1.101680830478041
zep,0.8900073087638044
