,antro01,antro1,antro10,antro100,nemo,epia,munich,usdrydep,maud,zep,maxdep,SSP119,SSP434,SSP585
OSLOCTM,1.4645748747886003,1.4645748747886003,1.4645748747886003,1.4645748747886003,1.4645748747886003,1.4645748747886003,1.4645748747886003,1.4645748747886003,1.4645748747886003,1.4645748747886003,1.4645748747886003,1.5155893418082984,1.7128316570098256,1.6746853813864517
