CNTR,
antro01,0.9247188567191074
antro1,0.9247748777371196
antro10,0.9259644014841611
antro100,0.9372847382781233
nemo,1.090352142582792
epia,0.8280021559084981
munich,0.8865349886515718
usdrydep,0.7551305396113807
maud,1.1018590257043646
zep,0.8902254834378348
maxdep,0.8495573479475563
