GFDL-emi,
GFDL_nudge,1.3992080590052252
INCA,1.3638723262879142
OSLOCTM3,1.4645748747886003
OSLOCTM3-emi,
UKCA,1.4453802292175582
WACCM6-2deg,1.5549500255752255
