CNTR,
antro01,0.9176381697814885
antro1,0.9176857129088379
antro10,0.9188231659709367
antro100,0.9297279251297689
nemo,1.0864258564989837
epia,0.8198974050987322
munich,0.879071597751837
usdrydep,0.7463800302093575
maud,1.0981329971176996
zep,0.8828213205510176
