OSLOCTM3,
WACCM6-2deg,0.9854011342625749
INCA,0.9893889756198241
GFDL-emi,0.9476011119230574
OSLOCTM3-emi,0.9264450653845044
UKCA,0.9964333605737717
GFDL_nudge,0.9960367247534821
