GFDL-emi,
GFDL_nudge,3.136946707954158
INCA,2.8108339578132973
OSLOCTM3,2.4923974591529294
OSLOCTM3-emi,
UKCA,2.429763147470088
WACCM6-2deg,2.312296718417973
