GFDL-emi,
GFDL_nudge,3.0304943176254326
INCA,2.7227986094245633
OSLOCTM3,2.39391742738181
OSLOCTM3-emi,
UKCA,2.5592590456300695
WACCM6-2deg,2.25204799814495
