GFDL-emi,
GFDL_nudge,3.438947054965045
INCA,3.0580187326795665
OSLOCTM3,2.6492508912017723
OSLOCTM3-emi,
UKCA,2.8498601639639194
WACCM6-2deg,2.478032872207747
