,OSLOCTM3,WACCM6-2deg,INCA,GFDL-emi,GFDL
O3,8.544668824265672,8.572557566605056,5.431119327550002,,7.685840922778369
CH4,16.750289640984313,16.468695959097275,19.321207308465578,,18.26870880358823
strat H2O,1.9145357134046415,0.5766446436161041,0.817921542917193,,
H2,0.18214979809396822,0.1836026916322639,0.1058016009294933,,0.12513269926992315
