,GFDL_nudge,INCA,OSLOCTM3,OSLOCTM3-emi,UKCA,WACCM6-2deg
O3,9.016467643443672,5.209184380110379,9.17081022662567,9.17081022662567,5.270435245889119,9.483451279686514
CH4,18.89482476615866,16.502978693068773,15.713839362793982,15.713839362793982,15.118178912185096,15.47794961553738
strat H2O,5.399809940527121,1.5650680712281817,2.1438111598636818,2.1438111598636818,,0.8364195679324606
H2,0.16185669689708734,0.10265000339053416,0.0,0.18880712263217314,0.027147769800459944,0.18941058148356332
