,deltaH2,surf_h2_per_h2_flux,surf_ch4_per_h2_flux,ch4_flux_per_h2_flux,ch4_rf_per_h2_flux,trop_du_ozone_per_h2_flux,strat_du_ozone_per_h2_flux,ozone_rf_per_h2_flux,h2o_rf_per_h2_flux,aerosol_rf_per_h2_flux
GFDL-emi,197.03097999999997,6.955456023472359,0.9998427658432193,0.211803134545982,0.3809200969309497,7.968126826797508,5.228260626971063,0.3880354246829611,0.25041747241981954,-0.073084953442347
GFDL_nudge,30.535529999999994,6.978819222924636,1.1436267972045664,0.2605522839568681,0.43569893719899566,4.08893141649435,-2.424079385852275,0.20969342926092985,0.16105828194237995,-0.004060843220995346
INCA,7.225180000000009,7.360370260671706,1.1273177833863104,0.2940610130128425,0.42948552911451654,3.928001253842322,-5.564394064535312,0.1467091477305754,0.11404560163206993,0.03031066354056227
OSLOCTM3,8.538529272725029,6.230581204416415,1.125833139089457,0.3121435783914775,0.4289199093303013,4.477084772772901,0.7730774696393167,0.21832799776829132,0.17333195831835163,-0.032792532654823285
OSLOCTM3-emi,13.760425109251415,6.4785097823805256,1.1517178731172688,0.31932026668090513,0.43878147530021705,4.608445994546168,0.7549022485621674,0.2226966082566549,0.17659338143312603,-0.02834214763741529
UKCA,5.458860000000001,9.807725422524133,1.6751151788275536,0.47888472401068,0.6381853808297213,6.073820916971766,,0.22010090018795128,,
WACCM6-2deg,9.92823,5.3562417470183625,1.1868182422891997,0.3300838031216692,0.4521540139473393,3.3078695598269983,-1.101545253894783,0.17625498200585604,0.051570118742212866,
