,deltaH2,surf_h2_per_h2_flux,surf_ch4_per_h2_flux,ch4_flux_per_h2_flux,ch4_rf_per_h2_flux,trop_du_ozone_per_h2_flux,strat_du_ozone_per_h2_flux,ozone_rf_per_h2_flux,h2o_rf_per_h2_flux,aerosol_rf_per_h2_flux
GFDL,30.535529999999994,6.978819222924637,1.1436267972045664,0.2605522839568681,0.4356989371989957,8.269309808208954,2.4718857562733905,0.419952310037089,0.286978768700272,-0.0064029642746921385
GFDL-emi,197.03098,6.955456023472358,0.9998427658432192,0.0,0.3809200969309497,7.968126826797508,5.228260626971063,0.3880354246829611,0.25041747241981954,-0.073084953442347
INCA,7.225180000000008,7.360370260671706,1.1273177833863104,0.2940610130128425,0.4294855291145165,7.244789221857076,-4.007528746385935,0.28380686193341653,0.15523578410218752,0.04660021494761256
OsloCTM,8.538529272725027,6.230581204416414,1.1258331390894571,0.3121435783914775,0.4289199093303013,9.636183564225533,5.905313136467396,0.47316557606540655,0.2360507377160544,-0.03968538860843219
OsloCTM-emi,13.760425109251413,6.4785097823805256,1.1517178731172688,0.31932026668090513,0.43878147530021705,9.886160853871845,6.00513635635934,0.4833933167440997,0.24075416752515255,-0.03539348155445979
UKCA,11.292240000000007,4.741220519578053,0.9713548993965649,0.24480638916637976,0.3700667895721033,6.884330724195845,,0.24418127735758033,,
WACCM,9.928230000000001,5.3562417470183625,1.1868182422891995,0.3300838031216692,0.4521540139473393,9.056448274325579,4.142094163216911,0.4564198450339157,0.0762800441451863,
