,H2 burden [Tg],H2 lifetime [yrs],H2 atm.loss[Tg/yr],H2 drydep [Tg/yr],H2 atm. prod [Tg/yr],H2 atmospheric lifetime [yrs],H2 estimated emissions [Tg/yr]
GFDL-emi,192.4082,2.500433073705701,22.31975,54.6302,45.09583,8.620535624278945,31.85412
GFDL_nudge,187.9586,2.4007456212505627,21.69856,56.5932,45.03848,8.662261458824917,33.25328000000001
INCA,194.5285,2.6134244776570172,22.46967,51.964659999999995,47.10366,8.657381261051007,27.33066999999999
OSLOCTM3,196.23519709866667,2.2322120336703763,28.39208905937533,59.518554794650285,56.326479619932435,6.911615298482871,31.584164234093173
OSLOCTM3-emi,208.86976512,2.362185641428202,30.066624949620085,58.3556232669575,56.22570704135994,6.9468976138819745,32.19654117521765
UKCA,191.8406,1.678746180741873,26.444879999999998,87.83124000000001,48.95605,7.25435698706139,65.32007000000002
WACCM6-2deg,194.5694,1.9076815376801848,29.02412,72.96848,33.94021,6.70371401441284,68.05239
