,H2 burden [Tg],H2 lifetime [yrs],H2 atm lifetime [yrs],H2 chem loss [Tg/yr],H2 chem prod [Tg/yr],H2 dry dep [Tg/yr],H2 estimated emissions [Tg/yr]
GFDL-emi,192.4082,2.500433073705701,8.620535624278945,22.31975,45.09583,54.6302,31.85412
GFDL_nudge,187.9586,2.4007456212505627,8.662261458824917,21.69856,45.03848,56.5932,33.25328000000001
INCA,194.5285,2.6134244776570172,8.657381261051007,22.46967,47.10366,51.964659999999995,27.33066999999999
OSLOCTM3,196.23519709866667,2.2322120336703763,6.911615298482871,28.39208905937533,56.326479619932435,59.518554794650285,31.584164234093173
OSLOCTM3-emi,208.86976512,2.362185641428202,6.9468976138819745,30.066624949620085,56.22570704135994,58.3556232669575,32.19654117521765
UKCA,191.18468000000001,1.6559567684428345,7.145923451010059,26.75437,49.407090000000004,88.69833,66.04560999999998
WACCM6-2deg,194.5694,1.9076815376801848,6.70371401441284,29.02412,33.94021,72.96848,68.05239
