,antro01,antro1,antro10,antro100,nemo,epia,munich,usdrydep,maud,zep,maxdep,SSP119,SSP434,SSP585
O3,9.17081022662567,9.17081022662567,9.17081022662567,9.17081022662567,9.17081022662567,9.17081022662567,9.17081022662567,9.17081022662567,9.17081022662567,9.17081022662567,9.17081022662567,,,
CH4,15.713839362793982,15.713839362793982,15.713839362793982,15.713839362793982,15.713839362793982,15.713839362793982,15.713839362793982,15.713839362793982,15.713839362793982,15.713839362793982,15.713839362793982,16.289565232690247,18.435165356712098,18.022621128739857
strat H2O,2.1438111598636818,2.1438111598636818,2.1438111598636818,2.1438111598636818,2.1438111598636818,2.1438111598636818,2.1438111598636818,2.1438111598636818,2.1438111598636818,2.1438111598636818,2.1438111598636818,,,
H2,,,,,,,,,,,,,,
