,GFDL-emi,GFDL_nudge,INCA,OSLOCTM3,OSLOCTM3-emi,UKCA,WACCM6-2deg
O3,2.8552951132938453,2.2867331435215905,1.685460229941087,2.3808941959464702,2.451444158658972,1.5076214738418743,1.9220826827247115
strat H2O,2.8370981104705075,,0.8059781165832726,1.8902067428391671,1.059920266251563,,0.562378612237872
O3 CH4ind,,2.185515997414451,1.4660244898856576,2.6681632015795564,2.734618912597674,1.9406725410325314,2.932836516381467
strat H2O CH4ind,,,0.29727637652853817,0.6566690060201013,0.6730246043855955,,0.25866973736690285
CH4dir,4.786228551523683,4.328738596077111,4.344093911279224,3.9947038951870897,5.351938299343872,3.232658633995751,3.951026066542745
CH4indir,,0.9373442939926873,0.8717773246360282,1.2271735523980492,,1.009555905291573,1.5527673851455774
