,GFDL-emi,GFDL_nudge,INCA,OSLOCTM3,OSLOCTM3-emi,UKCA,WACCM6-2deg
O3,4.335591337239789,2.34294334369754,1.6392083545315688,,2.4267161146931886,1.853006666438809,1.9693294078866597
strat H2O,2.7979605856963077,1.7995338764511728,1.2742525322018987,,1.8996138588907303,,0.5762024440470711
O3 CH4ind,,2.349261237722449,1.5318180357859343,,2.796538997078328,,3.130333665117985
strat H2O CH4ind,,1.4069328129373415,0.4602255024594147,,0.6537319345595503,,0.27608855198852994
CH4dir,4.304127606972911,3.518482984787504,3.5581648946726356,,4.79176468446527,,3.2856493067885992
CH4indir,,1.4046067629999304,1.294717737540523,,,,1.8233711668335555
