,CH4 burden [Tg],CH4 surface conc. [ppbv],CH4 chem loss OH [Tg/yr],CH4 chem loss other strat [Tg/yr],CH4 loss soil [Tg/yr],CH4 total loss [Tg/yr],CH4 lifetime due to OH (whole atmosphere) [yrs],Total CH4 lifetime [yrs]
CTRL,4975.012173141335,1813.060158629511,674.1606922542796,20.729217388088895,31.09382608213334,725.9837357245018,7.379564294242272,6.8527873674421595
CNTR_SSP119,3916.240016725334,1426.8783439768563,510.9147117381341,16.31766673635556,24.476500104533336,551.708878579023,7.6651541377664945,7.098381354333051
CNTR_SSP434,6104.03745792,2222.811767443198,723.7811854844855,25.433489408,38.150234112,787.3649090044855,8.433539832669279,7.752488570563445
CNTR_SSP585,6712.577665706667,2445.81815421212,840.4996806479304,27.969073607111113,41.95361041066667,910.4223646657082,7.9864131067034165,7.373036874123158
