,H2 burden [Tg],H2 lifetime [yrs],H2 atm.loss[Tg/yr],H2 drydep [Tg/yr],H2 atm. prod [Tg/yr],H2 atmospheric lifetime [yrs],H2 estimated emissions [Tg/yr]
OSLOCTM3,196.210864128,2.231997165606071,28.389650086390155,59.518554794650285,56.323356482425005,6.911351972670577,31.584848398615428
WACCM6-2deg,194.5694,1.9076815376801848,29.02412,72.96848,33.94021,6.70371401441284,68.05239
INCA,194.4,2.6204546434887637,22.1256,52.06,46.678000000000004,8.78620240807029,27.50759999999999
GFDL-emi,191.7,2.4966106264187506,22.1241,54.66,44.684,8.664759244443841,32.1001
WACCM-emi,179.93200000000002,2.755262012658782,26.89562,38.409240000000004,34.023340000000005,6.690011236030253,31.28152
