,OSLOCTM3,WACCM6-2deg,INCA,GFDL-emi,WACCM-emi
O3,2.3899493515292627,1.899126212029845,1.6926476536473347,3.9771308385754645,2.890344512687034
CH4,5.242109449029456,5.503793451688322,5.651857089578294,4.847918584227168,
strat H2O,1.7266352427389735,0.5695181844635481,0.6055455696535418,2.9511025975073997,
O3 CH4ind,2.6741083373814627,2.9449109778201925,1.5887159526677084,,
strat H2O CH4ind,0.5991661021303424,0.19276530640652564,0.23925915173167708,,
