,deltaH2,surf_h2_per_h2_flux,surf_ch4_per_h2_flux,ch4_flux_per_h2_flux,ch4_rf_per_h2_flux,trop_du_ozone_per_h2_flux,strat_du_ozone_per_h2_flux,ozone_rf_per_h2_flux,h2o_rf_per_h2_flux
GFDL-emi,196.31130000000005,6.859004041030749,1.0035082035522152,0.23013295719604498,0.4445541341736313,0.004006581093502518,-0.0049204600237631934,0.1567449250246929,0.1661595639171051
GFDL_nudge,27.642710000000022,7.709173324240204,1.2129048056513692,0.2890807377424298,0.5373168289035566,0.004516839627384782,-0.0026777602054600886,0.23163792551453874,
INCA,7.194500000000005,7.394537493918967,1.1699216594002926,0.2925209071744671,0.5182752951143296,0.004070401795140674,-0.003812488440128123,0.1552157898394606,0.07422336507053995
OSLOCTM3,8.538529272725029,6.230581204416415,1.0809168441163821,0.3121239636682139,0.4788461619435573,0.004477084772772901,0.0007730774696393166,0.21832799776829132,0.17333195831835163
OSLOCTM3-emi,13.683875340157684,6.478772175732082,1.1078391468393523,0.31989800834399856,0.49077274204983307,0.0046387221274713205,0.0011157159320238346,0.22479742934902774,0.09719468841526833
UKCA,11.178390000000007,4.78950904378896,0.8781288335274212,0.2437696379651419,0.3890110732526476,0.0029772866410662157,-0.0015527640025965804,0.13824888915129988,
WACCM6-2deg,9.92823,5.3562417470183625,1.1392728205864993,0.33004141557289657,0.5046978595198192,0.0033078695598269983,-0.001101545253894783,0.17625498200585604,0.051570118742212866
