,h2_agwp_ch4,h2_agwp_o3,h2_agwp_h2o,h2_agwp_ch4ind_o3,h2_agwp_ch4ind_h2o
OSLOCTM3,,,,,
WACCM6-2deg,0.45725733238918287,0.17625498200585604,0.051570118742212866,0.28016486302805965,0.024709925402973426
INCA,0.4343329955830777,0.1467091477305754,0.11404560163206993,0.13709771420284111,0.04119018247011761
GFDL-emi,0.38521942082407556,0.3880354246829611,0.25041747241981954,,
OSLOCTM3-emi,0.42886293925964164,0.21719109226504035,0.17001544037072036,0.2502902402385103,0.058509008143079744
UKCA,,0.1658440966462734,,,
GFDL_nudge,0.44061653242697535,0.20969342926092985,0.16105828194237995,0.21025888077615917,0.12592048675789205
