,H2 burden [Tg],H2 lifetime [yrs],H2 atm.loss[Tg/yr],H2 drydep [Tg/yr],H2 atm. prod [Tg/yr],H2 atmospheric lifetime [yrs],H2 estimated emissions [Tg/yr]
OSLOCTM3,196.23519709866667,2.2322120336703763,28.39208905937533,59.518554794650285,56.326479619932435,6.911615298482871,31.584164234093173
WACCM6-2deg,194.5694,1.9076815376801848,29.02412,72.96848,33.94021,6.70371401441284,68.05239
INCA,194.4,2.6204546434887637,22.1256,52.06,46.678000000000004,8.78620240807029,27.50759999999999
GFDL-emi,191.7,2.4966106264187506,22.1241,54.66,44.684,8.664759244443841,32.1001
OSLOCTM3-emi,208.86542062933339,2.362173204496178,30.066142844313386,58.354731726517144,56.22571343575628,6.946864508389626,32.19516113507425
