,antro01,antro1,antro10,antro100,nemo,epia,munich,usdrydep,maud,zep,maxdep,SSP119,SSP434,SSP585
O3,9.17081022662567,9.17081022662567,9.17081022662567,9.17081022662567,9.17081022662567,9.17081022662567,9.17081022662567,9.17081022662567,9.17081022662567,9.17081022662567,9.17081022662567,9.705628916267262,9.278039880667817,9.346021319945613
CH4,15.713839362793982,15.713839362793982,15.713839362793982,15.713839362793982,15.713839362793982,15.713839362793982,15.713839362793982,15.713839362793982,15.713839362793982,15.713839362793982,15.713839362793982,16.289565232690247,18.435165356712098,18.022621128739857
strat H2O,2.1438111598636818,2.1438111598636818,2.1438111598636818,2.1438111598636818,2.1438111598636818,2.1438111598636818,2.1438111598636818,2.1438111598636818,2.1438111598636818,2.1438111598636818,2.1438111598636818,,,
H2,,,,,,,,,,,,,,
