,deltaH2,surf_h2_per_h2_flux,surf_ch4_per_h2_flux,ch4_flux_per_h2_flux,ch4_rf_per_h2_flux,trop_du_ozone_per_h2_flux,strat_du_ozone_per_h2_flux,strat_du_6060_ozone_per_h2_flux,strat_du_gt60_ozone_per_h2_flux,ozone_rf_per_h2_flux,h2o_rf_per_h2_flux
OSLOCTM3,8.538529272725029,6.230581204416415,1.0809168441163821,0.3121239636682139,0.4788461619435573,0.004139384254026298,-0.0030580565916513403,0.0005557406430867211,0.00021733682655259562,0.21832799776829132,0.17333195831835163
WACCM6-2deg,9.92823,5.3562417470183625,1.1392728205864993,0.33004141557289657,0.5046978595198192,0.003281273163425303,0.00027172166828198986,5.06914550709491e-08,0.0002716709768269168,0.1741498736431368,0.051570118742212866
INCA,7.194500000000005,7.394537493918967,1.1699216594002926,0.2925209071744671,0.5182752951143296,0.004070401795140674,-0.003812488440128123,-0.002936244349379399,-0.0008762440907487102,0.1552157898394606,0.07422336507053995
GFDL-emi,196.31130000000005,6.859004041030749,1.0035082035522152,0.23013295719604498,0.4445541341736313,0.0037143245289598327,-0.0011531898571705778,-0.0011126026598228679,-4.058719734770947e-05,0.17323913600490645,0.1661595639171051
OSLOCTM3-emi,13.683875340157698,6.478772175732075,1.1078391468393511,0.31989800834399823,0.49077274204983257,0.004638722127471316,0.0011157159320238335,,,0.2247974293490275,0.09719468841526824
UKCA,11.178390000000007,4.78950904378896,0.8781288335274212,0.2437696379651419,0.3890110732526476,,,,,0.13824888915129988,
