,OSLOCTM3,WACCM6-2deg,INCA,GFDL-emi
O3,2.3808941959464702,1.899126212029845,1.6926476536473347,3.9771308385754645
CH4,5.221877447585139,5.503793451688322,5.651857089578294,4.847918584227168
strat H2O,1.8902067428391671,0.26141818303244835,0.6055455696535419,2.9511025975073997
O3 CH4ind,2.6681632015795564,2.9449109778201925,1.5887159526677084,
strat H2O CH4ind,0.6566690060201013,0.20616610310858355,0.23925915173167708,
