,deltaH2,surf_h2_per_h2_flux,surf_ch4_per_h2_flux,ch4_flux_per_h2_flux,ch4_rf_per_h2_flux,trop_du_ozone_per_h2_flux,strat_du_ozone_per_h2_flux,ozone_rf_per_h2_flux,h2o_rf_per_h2_flux
GFDL-emi,198.84157,7.025758035594493,0.9907385060377466,-0.020829721789730103,0.43889715817472175,0.003955597127003679,-0.004857846897220655,0.15475033716541267,0.1640451742560673
GFDL_nudge,30.535529999999994,6.978819222924636,1.0900672709241546,0.2605562410957551,0.4828998010194005,0.00408893141649435,-0.002424079385852275,0.20969342926092985,
INCA,7.225180000000009,7.360370260671706,1.0796735718587553,0.2940523627093032,0.4782953923334286,0.0040531178067729195,-0.003796299619179282,0.15455670308559769,0.0739081932906861
OSLOCTM3,8.538529272725029,6.230581204416415,1.0809168441163821,0.3121239636682139,0.4788461619435573,0.004477084772772901,0.0007730774696393166,0.21832799776829132,0.17333195831835163
OSLOCTM3-emi,13.683875340157684,6.478772175732082,1.1078391468393523,0.31989800834399856,0.49077274204983307,0.0046387221274713205,0.0011157159320238346,0.22479742934902774,0.09719468841526833
UKCA,11.178390000000007,4.78950904378896,0.8781288335274212,0.2437696379651419,0.3890110732526476,0.0029772866410662157,-0.0015527640025965804,0.13824888915129988,
WACCM6-2deg,9.92823,5.3562417470183625,1.1392728205864993,0.33004141557289657,0.5046978595198192,0.0033078695598269983,-0.001101545253894783,0.17625498200585604,0.051570118742212866
