,H2 burden [Tg],H2 lifetime [yrs],H2 atm.loss[Tg/yr],H2 drydep [Tg/yr],H2 atm. prod [Tg/yr],H2 atmospheric lifetime [yrs],H2 estimated emissions [Tg/yr]
OSLOCTM3,196.23519709866667,2.2322120336703763,28.39208905937533,59.518554794650285,56.326479619932435,6.911615298482871,31.584164234093173
WACCM6-2deg,194.5694,1.9076815376801848,29.02412,72.96848,33.94021,6.70371401441284,68.05239
INCA,194.4,2.6204546434887637,22.1256,52.06,46.678000000000004,8.78620240807029,27.50759999999999
GFDL-emi,191.7,2.4966106264187506,22.1241,54.66,44.684,8.664759244443841,32.1001
UKCA,191.8406,1.678746180741873,26.444879999999998,87.83124000000001,48.95605,7.25435698706139,65.32007000000002
