,h2_agwp_ch4,h2_agwp_o3,h2_agwp_h2o,h2_agwp_ch4ind_o3,h2_agwp_ch4ind_h2o
OSLOCTM3,0.4289199093303013,0.21832799776829132,0.17333195831835163,0.2548375782971153,0.06271877939770272
WACCM6-2deg,0.4521540139473393,0.17625498200585604,0.051570118742212866,0.28016486302805965,0.024709925402973426
INCA,0.42948552911451654,0.1467091477305754,0.11404560163206993,0.13709771420284111,0.04119018247011761
GFDL-emi,0.3809200969309497,0.3880354246829611,0.25041747241981954,,
OSLOCTM3-emi,0.43878147530021705,0.2226966082566549,0.17659338143312603,0.2606967084874448,0.0641607860920265
UKCA,0.3700667895721033,0.10640050158338818,,0.13778077577419218,
GFDL_nudge,0.43569893719899566,0.20969342926092985,0.16105828194237995,0.21025888077615917,0.12592048675789205
