,deltaCH4,surf_ch4_per_ch4_flux,h2_flux_per_ch4_flux,trop_du_ozone_per_ch4_flux,strat_du_ozone_per_ch4_flux,ozone_rf_per_ch4_flux,h2o_rf_per_ch4_flux,aerosol_rf_per_ch4_flux
GFDL-emi,3.099272916666564,64.40474130328934,-64.28244151350229,506.5600480053201,332.37773591603633,24.668689094418795,15.919862924839755,-4.646251036029438
GFDL_nudge,41.383620833333225,4.389241114439368,0.012623593331862899,16.04429762898039,18.790720494839896,0.8069738540882087,0.4832829896771773,-0.0089890636079955
INCA,47.29656666666665,3.833618648851887,0.010519156781640535,11.279250975952738,5.2943615414988185,0.46622200201987896,0.14007359237492226,0.05539514143732775
OSLOCTM3,49.66876230560581,3.650302696662327,0.015022408545077514,16.62187882352422,16.982470505029163,0.8207875152829975,0.19187109880779948,
OSLOCTM3-emi,49.66876230560581,3.650302696662327,0.015022408545077514,16.62187882352422,16.982470505029163,0.8207875152829975,0.19187109880779948,
UKCA,51.435227049036826,3.5119316150346913,0.014650659542760168,13.661259682009916,,0.47170395450707614,,
WACCM6-2deg,50.28082500000005,3.595505841441537,0.01712422180821436,17.41551284895869,15.88578223930268,0.848768889531943,0.07485955132995523,
