,CH4 burden [Tg],CH4 surface conc. [ppbv],CH4 chem loss OH [Tg/yr],CH4 chem loss other strat [Tg/yr],CH4 loss soil [Tg/yr],CH4 total loss [Tg/yr],CH4 lifetime due to OH (whole atmosphere) [yrs],Total CH4 lifetime [yrs]
CTRL,4975.012173141335,1813.060158629511,674.1606922542796,20.729217388088895,31.09382608213334,725.9837357245018,7.379564294242272,6.8527873674421595
CNTR_SSP119,3916.26457088,1426.8783439374095,510.92725654375437,16.317769045333332,24.476653568,551.7216791570877,7.665013993131177,7.098261168318075
CNTR_SSP434,6104.021904042666,2222.8117674069026,723.7651361095178,25.433424600177776,38.150136900266666,787.3486976099623,8.43370535482525,7.75262843841838
CNTR_SSP585,6712.6370850133335,2445.818154200908,840.5160131274388,27.969321187555558,41.95398178133333,910.4393160963277,7.986328612629972,7.3729648602995
