,deltaCH4,surf_ch4_per_ch4_flux,h2_flux_per_ch4_flux,trop_du_ozone_per_ch4_flux,strat_du_ozone_per_ch4_flux,strat_du_6060_ozone_per_ch4_flux,strat_du_gt60_ozone_per_ch4_flux,ozone_rf_per_ch4_flux,h2o_rf_per_ch4_flux
OSLOCTM3,52.351922278819075,3.4631011070505022,0.014291522746556961,0.0158695637175083,0.01578693183060065,0.011919469840589534,0.004442357375151209,0.7838890763444516,0.1929251030403201
WACCM6-2deg,52.37247500000012,3.451908660035628,0.016440315261022295,0.01678039769634765,0.015884533176528104,0.012558595709357535,0.0033259374671705698,0.8182256041938041,0.05728199784333265
INCA,45.33127499999989,3.9994462983889245,0.010820344232541407,0.011900103898232655,0.007774173900893318,0.006103256545659478,0.0016709173552338398,0.4980336423363352,0.0750034054855066
GFDL-emi,,,,,,,,,
OSLOCTM3-emi,,3.4631011070505022,0.014291522746556961,,,,,,
