,h2_agwp_ch4,h2_agwp_o3,h2_agwp_h2o,h2_agwp_ch4ind_o3,h2_agwp_ch4ind_h2o
OSLOCTM3,0.4118076992714592,0.21832799776829132,0.17333195831835163,0.24467056558484532,0.060216547852043285
WACCM6-2deg,0.43404015918704447,0.17625498200585604,0.051570118742212866,0.2689411085521805,0.02372001491654499
INCA,0.4113340374067486,0.1467091477305754,0.11404560163206993,0.13130350728826246,0.03944934790209557
GFDL-emi,0.3809200969309497,0.3880354246829611,0.25041747241981954,,
OSLOCTM3-emi,0.42127657357954823,0.2226966082566549,0.17659338143312603,0.2502963827721164,0.06160113323955972
UKCA,0.35401258145731335,0.10640050158338818,,0.13180358108710957,
GFDL_nudge,0.41529382887668437,0.20969342926092985,0.16105828194237995,0.20041181696290516,0.12002324682241929
