,OSLOCTM3,WACCM6-2deg,INCA,GFDL-emi,OSLOCTM3-emi,UKCA
O3,2.3808941959464702,1.899126212029845,1.6926476536473347,3.9771308385754645,2.4514441586589695,1.5076214738418743
strat H2O,1.8902067428391671,0.562378612237872,0.8094151043679383,2.8736656653488053,1.0599202662515619,
O3 CH4ind,2.6681632015795564,2.9449109778201925,1.5887159526677084,,2.734618912597671,1.9406725410325314
strat H2O CH4ind,0.6566690060201013,0.25866973736690285,0.3221554107728288,,0.6730246043855949,
CH4dir,3.9947038951870897,3.951026066542745,4.66145597037798,4.847918584227168,5.351938299343867,3.232658633995751
CH4indir,1.2271735523980492,1.5527673851455774,0.9904011192003138,,,1.009555905291573
