,antro01,antro1,antro10,antro100,nemo,epia,munich,usdrydep,maud,zep
O3,2.5277366185209345,2.4862129610363315,2.444347535723963,2.4228146658626453,2.627330108053626,2.0900874839482717,2.227279673982064,1.9676435194772846,2.6352907654369875,2.2128370446235053
strat H2O,1.0539442859943133,1.060710408158702,1.0627096300990229,1.0717403890234067,1.1257504364241235,0.872446149571957,0.9311214943227848,0.8061856825926864,1.1184657556611222,0.9028697595549456
O3 CH4ind,2.837183148577675,2.8234765817363625,2.811394722249699,2.6719617001279485,3.273357989941043,2.5329871613513384,2.7149982206956067,2.323489627688303,3.265291874169459,2.681559112907766
strat H2O CH4ind,0.6632331000415833,0.6600289893652429,0.6572046778203137,0.6246101674672068,0.7651953552250725,0.5921228343086591,0.6346705842455175,0.5431497185716447,0.7633097825678531,0.6268537032197463
CH4dir,3.3193297231464713,3.303293883253135,3.289158851002902,3.1260307938843876,3.8296274514238764,2.9634391340710153,3.1763808750811715,2.7183399092422613,3.820190592247414,3.1372591763458173
CH4indir,1.5420771905128507,1.5346273422022743,1.5280605613644893,1.452275364654148,1.7791486937322336,1.3767393646546797,1.4756667473217395,1.2628724229690784,1.774764566061931,1.457491789030245
