,OSLOCTM3,WACCM6-2deg,INCA,GFDL-emi,OSLOCTM3-emi
O3,2.3808941959464702,1.899126212029845,1.6926476536473347,3.9771308385754645,2.4133645897551945
CH4,5.221877447585139,5.503793451688322,5.651857089578294,4.847918584227168,5.383118476891628
strat H2O,1.8902067428391671,0.562378612237872,0.8094151043679383,2.8736656653488053,1.1685506423381422
O3 CH4ind,2.6681632015795564,2.9449109778201925,1.5887159526677084,,2.7505506925344307
strat H2O CH4ind,0.6566690060201013,0.25866973736690285,0.3221554107728288,,0.6769456186957425
