,H2 burden [Tg],H2 lifetime [yrs],H2 atm.loss[Tg/yr],H2 drydep [Tg/yr],H2 atm. prod [Tg/yr],H2 atmospheric lifetime [yrs],H2 estimated emissions [Tg/yr]
OSLOCTM3,196.210864128,2.231997165606071,28.389650086390155,59.518554794650285,56.323356482425005,6.911351972670577,31.584848398615428
WACCM6-2deg,194.3987,1.9064422881540102,29.512059999999998,72.4573,34.629870000000004,6.587093547519218,67.33948999999998
INCA,194.4,2.6204546434887637,22.1256,52.06,46.678000000000004,8.78620240807029,27.50759999999999
GFDL-emi,191.7,2.4966106264187506,22.1241,54.66,44.684,8.664759244443841,32.1001
