,GFDL-emi,GFDL_nudge,INCA,OSLOCTM3,OSLOCTM3-emi,UKCA,WACCM6-2deg
O3,4.335591337239789,2.34294334369754,1.6392083545315688,2.4394189694781154,2.488230259850893,1.7082097156059028,1.9693294078866597
strat H2O,2.7979605856963077,1.7995338764511728,1.2742525322018987,1.936669925344711,1.973110407074034,,0.5762024440470711
O3 CH4ind,,2.349261237722449,1.5318180357859343,2.8473472435431875,2.912812385334579,2.212005171956247,3.130333665117985
strat H2O CH4ind,,1.4069328129373415,0.4602255024594147,0.7007684848905332,0.7168802915310223,,0.27608855198852994
CH4dir,4.256090468502231,3.4792142014751426,3.5184532329017353,3.2709177705771415,4.902586316203543,3.9470948241045347,3.2489791136324766
CH4indir,,1.3889303482343058,1.2802677627911867,1.5214834509904704,,1.9941524065273855,1.8030210422037167
