,antro01,antro1,antro10,antro100,nemo,epia,munich,usdrydep,maud,zep
O3,,,,,,,,,,
strat H2O,,,,,,,,,,
O3 CH4ind,2.6777651831514357,2.7802440716493977,2.779803857445851,2.6689733414890706,3.3465981710784543,2.4373892571144395,2.642473258038206,2.2020217884942666,3.335508039780406,2.611438950169221
strat H2O CH4ind,0.6259668165924618,0.6499227571673212,0.6498198506520871,0.6239115948829544,0.7823163198718998,0.5697754245489818,0.617716812389872,0.5147548327552673,0.7797238393109037,0.610462088553693
CH4dir,3.132820511956446,3.2527145063772243,3.252199482843718,3.1225345981388215,3.9153139571751576,2.8515954678758577,3.0915311309469296,2.5762300108223206,3.9023391858884806,3.0552229001587823
CH4indir,1.4554296970773242,1.5111294345232624,1.5108901675296706,1.4506511199534151,1.8189564914127077,1.3247796074361664,1.4362476880647295,1.1968517347044136,1.812928738666789,1.4193797962925303
