,deltaH2,surf_h2_per_h2_flux,surf_ch4_per_h2_flux,ch4_flux_per_h2_flux,ch4_rf_per_h2_flux,trop_du_ozone_per_h2_flux,strat_du_ozone_per_h2_flux,ozone_rf_per_h2_flux,h2o_rf_per_h2_flux,aerosol_rf_per_h2_flux
GFDL,30.535529999999994,6.978819222924637,1.0900672709241546,0.2605562410957551,0.4828998010194005,8.073529955130665,2.242592796071134,0.41010524622383504,0.2810815287647993,0.016469372054452678
GFDL-emi,197.03098,6.955456023472358,0.9998427658432192,0.0,0.4429303452685461,7.968126826797508,5.228260626971063,0.3880354246829611,0.26255261989764256,-0.07359248784125218
INCA,7.225180000000008,7.360370260671706,1.0796735718587551,0.2940523627093032,0.4782953923334286,7.104610693788924,-4.073327070186886,0.2780126550188379,0.15349494953416548,0.04606948148653672
OsloCTM,8.538529272725027,6.230581204416414,1.080916844116382,0.3121239636682139,0.4788461619435573,9.430355901966866,5.700557206766283,0.4629985633531366,0.23354850617039494,-0.03941039088410724
OsloCTM-emi,13.760425109251413,6.4785097823805256,1.1057708372606128,0.3193007663014464,0.4898564809064514,9.675609850416198,5.7956816796216515,0.47299299102877135,0.23819451467268576,-0.03511217317166393
UKCA,11.292240000000007,4.741220519578053,0.9292156581902288,0.2447643248815212,0.4116425365782714,6.713052703787543,,0.2382040826704977,,
WACCM,9.928230000000001,5.3562417470183625,1.1392728205864993,0.33004141557289657,0.5046978595198192,8.826153028235655,3.9320274162965134,0.44519609055803655,0.07529013365875786,
