,GFDL-emi,GFDL_nudge,INCA,OSLOCTM3,OSLOCTM3-emi,UKCA,WACCM6-2deg
O3,4.335591337239789,2.34294334369754,1.6392083545315688,2.4394189694781154,2.488230259850893,1.1888324199261249,1.9693294078866597
strat H2O,2.7979605856963077,1.7995338764511728,1.2742525322018987,1.936669925344711,1.973110407074034,,0.5762024440470711
O3 CH4ind,,2.2392381783564823,1.4670782937236029,2.7337493361435232,2.796607628738731,1.472665710470498,3.0049285871752014
strat H2O CH4ind,,1.3410418639376458,0.4407748368949226,0.6728105905256233,0.688280818319103,,0.265028099626201
CH4dir,4.948942405235153,3.9083697672815636,3.9629709092438414,3.6984263160342916,5.473256769904486,3.1005808205335494,3.6789744736974215
CH4indir,,1.487158735728498,1.381111686660389,1.6518101302624384,,1.4987771300616615,1.9601077555743012
