,CH4 burden [Tg],CH4 surface conc. [ppbv],CH4 chem loss OH [Tg/yr],CH4 chem loss other strat [Tg/yr],CH4 loss soil [Tg/yr],CH4 total loss [Tg/yr],CH4 lifetime due to OH (whole atmosphere) [yrs],Total CH4 lifetime [yrs]
GFDL-emi,4954.568,1832.1614764827082,540.4098,20.644033333333333,30.966050000000003,592.0198833333334,9.168168304867898,8.368921618144975
GFDL_nudge,4876.041,1816.161056878192,527.5891,20.316837500000002,30.47525625,578.3811937500001,9.24211853504934,8.43049714045098
INCA,5003.079000000001,1813.1760000000002,592.6245,20.846162500000002,31.269243750000005,644.73990625,8.442241250572666,7.759840753613971
OSLOCTM3,4975.012173141335,1813.060158629511,674.1606922542796,20.729217388088895,31.09382608213334,725.9837357245018,7.379564294242272,6.8527873674421595
OSLOCTM3-emi,4975.0338874026675,1813.060158616004,672.8127117528808,20.72930786417778,31.093961796266672,724.6359814133252,7.394381527722921,6.865562868820555
UKCA,4938.667,1805.642,623.7455,20.57777916666667,30.866668750000002,675.1899479166667,7.917759727324687,6.662549715260117
WACCM6-2deg,5002.862,1807.848,727.0656,20.845258333333334,31.2678875,779.1787458333334,6.880894928875744,6.420685916746135
