,deltaH2,surf_h2_per_h2_flux,surf_ch4_per_h2_flux,ch4_flux_per_h2_flux,ch4_rf_per_h2_flux,trop_du_ozone_per_h2_flux,strat_du_ozone_per_h2_flux,strat_du_6060_ozone_per_h2_flux,strat_du_gt60_ozone_per_h2_flux,ozone_rf_per_h2_flux,h2o_rf_per_h2_flux
OSLOCTM3,8.535836999832085,6.232546380752874,1.0851048227449236,0.3129563465101615,0.48070143647600116,0.0045060769553021615,0.0011555348564644607,0.0008550278058382057,0.00030050705062624315,0.21915835553523338,0.15833245175916388
WACCM6-2deg,9.92055000000002,5.360287484060855,1.1606149995095962,0.3404578543192361,0.5141524447827511,0.0027799737320263135,-0.0012849788183261184,-0.0011056946718814359,-0.00017928414644468265,0.14234089843809034,0.05226524739051756
INCA,7.194500000000005,7.394537493918967,1.1699216594002926,0.2925209071744671,0.5182752951143296,0.004070401795140674,-0.003812488440128123,-0.002936244349379399,-0.0008762440907487102,0.1552157898394606,0.055528528737229785
GFDL-emi,196.31130000000005,6.859004041030749,1.0035082035522152,0.23013295719604498,0.4445541341736313,0.0037143245289598327,-0.0011531898571705778,-0.0011126026598228679,-4.058719734770947e-05,0.17323913600490645,0.14396776955784
GFDL,7.661230000000003,6.846944474902253,0.9318999414651986,0.24643127365534728,0.412831674069083,0.007510284581824482,0.008705351763461999,0.0031795365382921523,0.005525815225169847,0.4510763937383421,
