,Flux H2 [Tg/yr],Surf. conc. H2 per flux [ppb yr/Tg],Surf. conc. CH4 per flux [ppb yr/Tg],Flux CH4/Flux H2 [Tg CH4/Tg H2],CH4 RF per flux [mW m-2 yr/ Tg],Trop. ozone per flux [10$^{-3}$ DU yr/Tg],Strat. ozone per flux [10$^{-3}$ DU yr/Tg],ozone RF per flux [mW m-2 yr/ Tg],Strat. H2O RF per flux [mW m-2 yr/ Tg],Aerosol RF per flux [mW m-2 yr/ Tg]
GFDL,30.535529999999994,6.978819222924636,1.0900672709241546,0.2605562410957551,0.4828998010194005,4.08893141649435,-2.424079385852275,0.20969342926092985,0.16105828194237995,0.0153591570213453
GFDL-emi,197.03097999999997,6.955456023472359,0.9998427658432193,0.21181425800822487,0.44293034526854613,7.968126826797508,5.228260626971063,0.3880354246829611,0.26255261989764256,-0.07359248784125218
INCA,7.225180000000009,7.360370260671706,1.0796735718587553,0.2940523627093032,0.4782953923334286,3.928001253842322,-5.564394064535312,0.1467091477305754,0.11404560163206993,0.030587473253261475
Model mean,,6.133446590921835,1.0638292331352042,0.288307661585538,0.4712763502788954,3.747614973483754,-2.0792353086607633,0.17147721166980817,0.1250014901587536,0.004384699206594497
OsloCTM,8.538529272725029,6.230581204416415,1.0809168441163821,0.3121239636682139,0.4788461619435573,4.477084772772901,0.7730774696393167,0.21832799776829132,0.17333195831835163,-0.032792532654823285
OsloCTM-emi,13.760425109251415,6.4785097823805256,1.1057708372606128,0.3193007663014464,0.48985648090645145,4.608445994546168,0.7549022485621674,0.2226966082566549,0.17659338143312603,-0.02834214763741529
UKCA,11.292240000000007,4.741220519578053,0.9292156581902288,0.24476432488152122,0.4116425365782714,2.9361878644822004,,0.10640050158338818,,
WACCM,9.92823,5.3562417470183625,1.1392728205864993,0.33004141557289657,0.5046978595198192,3.3078695598269983,-1.101545253894783,0.17625498200585604,0.051570118742212866,
