,H2 burden [Tg],H2 atm loss [Tg/yr],H2 atm prod [Tg/yr],H2 soil sink [Tg/yr],H2 estimated emissions [Tg/yr],H2 atm lifetime [yrs],H2 soil sink lifetime [yrs],H2 total lifetime [yrs]
GFDL-emi,192.3998,22.31953,45.09539,54.63156,31.85569999999999,8.620244243494374,3.521770200228586,2.5002868705303594
GFDL_nudge,187.9586,21.69856,45.03848,56.5932,33.25328000000001,8.662261458824917,3.321222337666009,2.4007456212505627
INCA,194.5285,22.46967,47.10366,51.964659999999995,27.33066999999999,8.657381261051007,3.743476816744303,2.6134244776570172
OSLOCTM3,194.95452262400002,27.897123003346664,55.8887689651695,59.51855928244956,31.526913320626726,6.988337922896651,3.275524894660663,2.230200777780548
OSLOCTM3-emi,204.61717504,29.166807956612374,55.80309725256372,58.01809967274144,31.3818103767901,7.015412017125154,3.5267817490433075,2.346933438409798
UKCA,191.3705,26.75437,48.392590000000006,44.32805,22.689829999999994,7.152868858433219,4.317142306056774,2.6922338884916974
WACCM6-2deg,194.5694,29.02412,33.94021,72.96848,68.05239,6.70371401441284,2.666485583912396,1.9076815376801848
