,deltaH2,surf_h2_per_h2_flux,surf_ch4_per_h2_flux,ch4_flux_per_h2_flux,ch4_rf_per_h2_flux,trop_du_ozone_per_h2_flux,strat_du_ozone_per_h2_flux,strat_du_6060_ozone_per_h2_flux,strat_du_gt60_ozone_per_h2_flux,ozone_rf_per_h2_flux,h2o_rf_per_h2_flux
OSLOCTM3,8.535836999832085,6.232546380752874,1.0851048227449236,0.3129563465101615,0.48070143647600116,0.0045060769553021615,0.0011555348564644607,0.0008550278058382057,0.00030050705062624315,0.21915835553523338,0.15833245175916388
WACCM6-2deg,9.92823,5.3562417470183625,1.1392728205864993,0.33004141557289657,0.5046978595198192,0.003281273163425303,0.00027172166828198986,5.06914550709491e-08,0.0002716709768269168,0.1741498736431368,0.05222481751530736
INCA,7.194500000000005,7.394537493918967,1.1699216594002926,0.2925209071744671,0.5182752951143296,0.004070401795140674,-0.003812488440128123,-0.002936244349379399,-0.0008762440907487102,0.1552157898394606,0.055528528737229785
GFDL-emi,196.31130000000005,6.859004041030749,1.0035082035522152,0.23013295719604498,0.4445541341736313,0.0037143245289598327,-0.0011531898571705778,-0.0011126026598228679,-4.058719734770947e-05,0.17323913600490645,0.14396776955784
WACCM-emi,2.1864999999999952,7.45986736793961,,0.4724521686103492,,0.005231247273214052,0.0035441380287159004,,,0.265044591813401,
