,GFDL-emi,GFDL_nudge,INCA,OSLOCTM3,OSLOCTM3-emi,UKCA,WACCM6-2deg
O3,2.8920972106072136,2.526040627203258,1.6926476536473347,2.3808941959464702,2.451444158658972,1.5076214738418743,1.9220826827247115
strat H2O,2.8736656653488053,,0.8094151043679383,1.8902067428391671,1.059920266251563,,0.562378612237872
O3 CH4ind,,2.4317918520541726,1.5887159526677084,2.6681632015795564,2.734618912597674,1.9406725410325314,2.932836516381467
strat H2O CH4ind,,,0.3221554107728288,0.6566690060201013,0.6730246043855955,,0.25866973736690285
CH4dir,4.847918584227168,4.796674609440194,4.66145597037798,3.9947038951870897,5.351938299343872,3.232658633995751,3.951026066542745
CH4indir,,1.062832794088231,0.9904011192003138,1.2271735523980492,,1.009555905291573,1.5527673851455774
