,GFDL_nudge,INCA,OSLOCTM3,OSLOCTM3-emi,UKCA,WACCM6-2deg
O3,9.016467643443672,5.209184380110379,9.121915171909007,9.121915171909007,5.543720748693755,9.483451279686514
CH4,18.683945025464922,16.3187936630122,15.353194982461506,15.353194982461506,14.889936046779262,15.305204642149684
strat H2O,5.399809940527121,1.5650680712281817,2.2450197069620907,2.2450197069620907,,0.8364195679324606
H2,0.16116309106101218,0.10208026864442757,0.18927975595884222,0.19340295581047004,0.18177763129171828,0.1884341529142216
