,OSLOCTM3,WACCM6-2deg,INCA,GFDL-emi,UKCA
O3,2.3808941959464702,1.899126212029845,1.6926476536473347,3.9771308385754645,1.5076214738418743
CH4,5.221877447585139,5.503793451688322,5.651857089578294,4.847918584227168,4.5132392294666746
strat H2O,1.8902067428391671,0.562378612237872,0.8094151043679383,2.8736656653488053,
O3 CH4ind,2.6681632015795564,2.9449109778201925,1.5887159526677084,,2.064657353517115
strat H2O CH4ind,0.6566690060201013,0.25866973736690285,0.3221554107728288,,
