,deltaH2,surf_h2_per_h2_flux,surf_ch4_per_h2_flux,ch4_flux_per_h2_flux,ch4_rf_per_h2_flux,trop_du_ozone_per_h2_flux,strat_du_ozone_per_h2_flux,ozone_rf_per_h2_flux,h2o_rf_per_h2_flux,aerosol_rf_per_h2_flux
GFDL,30.535529999999994,6.978819222924637,1.1436267972045664,0.2605522839568681,0.44061653242697535,8.269309808208954,2.4718857562733905,0.419952310037089,0.286978768700272,-0.0064029642746921385
GFDL-emi,197.03098,6.955456023472358,0.9998427658432192,0.0,0.3852194208240756,7.968126826797508,5.228260626971063,0.3880354246829611,0.25041747241981954,-0.073084953442347
INCA,7.225180000000008,7.360370260671706,1.1273177833863104,0.2940610130128425,0.4343329955830777,7.244789221857076,-4.007528746385935,0.28380686193341653,0.15523578410218752,0.04660021494761256
OsloCTM,,,,,,,,,,
OsloCTM-emi,13.763455806705592,6.282751884486854,1.1131201704205815,0.3049391414685606,0.4288629392596416,9.676092677972832,5.933355995756722,0.4674813325035507,0.2285244485138001,
UKCA,6.8666900000000055,7.796915253200588,,,,,,,,
WACCM,9.928230000000001,5.3562417470183625,1.1868182422891995,0.3300838031216692,0.4572573323891829,9.056448274325579,4.142094163216911,0.4564198450339157,0.0762800441451863,
