,deltaCH4,surf_ch4_per_ch4_flux,h2_flux_per_ch4_flux,trop_du_ozone_per_ch4_flux,strat_du_ozone_per_ch4_flux,ozone_rf_per_ch4_flux,h2o_rf_per_ch4_flux,aerosol_rf_per_ch4_flux
GFDL-emi,5.352102083333193,37.29522855100132,-37.224407699623676,293.33667650644946,192.4719108470324,14.285041430372942,9.218807719241397,-2.6905316408000832
GFDL_nudge,43.41762916666664,4.183616045195985,0.012032209266762123,15.29266204439895,17.91042180489699,0.7691691287841895,0.46064237923324375,-0.008567948253738335
INCA,49.38223333333349,3.6717051409177364,0.010074878481936729,10.802869974171788,5.070753319613615,0.446531039840913,0.13415756139016216,0.05305551861769432
OSLOCTM3,52.351922278819075,3.4631011070505022,0.014291522746556961,15.8695637175083,15.78693183060065,0.7838890763444516,0.1929251030403201,-0.021202659839084686
OSLOCTM3-emi,52.351922278819075,3.4631011070505022,0.014291522746556961,15.8695637175083,15.78693183060065,0.7838890763444516,0.1929251030403201,-0.021202659839084686
UKCA,47.58178333333342,3.796368848442345,0.01573585409261981,15.430618171719036,,0.53849179675555,,
WACCM6-2deg,52.37247500000012,3.451908660035628,0.016440315261022295,16.719972730785443,15.251336446530074,0.814870788520113,0.07186981329410136,
