,OSLOCTM3,WACCM6-2deg,INCA,GFDL-emi,OSLOCTM3-emi
O3,8.548408684236113,8.922852826540938,5.431119327550002,,
CH4,16.73013948117091,16.676069099190656,19.321207308465578,,16.73013948117091
strat H2O,2.1038724431877873,0.6246673701562993,0.817921542917193,,
H2,0.18318603166478725,0.17780883108981588,0.10580160092949331,,0.11142361509012924
