,antro01,antro1,antro10,antro100,nemo,epia,munich,usdrydep,maud,zep
O3,1.9706028558162942,2.41768447202847,2.440552456457493,2.4156541201384614,2.6385404000553163,2.0529850991952516,2.2186566875757037,1.96825644518745,2.5764178573034493,2.1489832808227045
strat H2O,1.8042715704183523,1.8501248351111426,1.8502546260853094,1.8721635427089687,2.020442897030722,1.5521390658464078,1.6563912680816768,1.4311723837101005,2.0100915126014205,1.624684162537247
O3 CH4ind,2.711024704440136,2.8149763272140285,2.802659538701624,2.661428169800609,3.2546652235106714,2.518224216124397,2.6974871082009244,2.323700765609143,3.2391318731057193,2.671030017966053
strat H2O CH4ind,0.6337417166447415,0.658041930418831,0.6551627007745503,0.622147800532282,0.760825647392082,0.5886717797182929,0.6305771053205326,0.5431990751519012,0.7571944993118909,0.62439237312115
CH4dir,3.1717321055370546,3.29334910844914,3.2789392236930466,3.113707211487978,3.8077580647925364,2.946167396461289,3.155893950852082,2.7185869276191603,3.7895850005245295,3.1249407830776987
CH4indir,1.4735070457928603,1.5300072496929071,1.523312779286627,1.4465501379053889,1.7689887261762751,1.3687153493172597,1.4661490370632067,1.2629871815005966,1.7605459771194407,1.4517689730201122
