,GFDL-emi,GFDL_nudge,INCA,OSLOCTM3,OSLOCTM3-emi,UKCA,WACCM6-2deg
O3,4.076252273592204,2.34294334369754,1.6392083545315688,2.4394189694781154,2.488230259850893,1.2073374954241936,1.9693294078866597
strat H2O,2.9389885303175998,1.7995338764511728,1.2742525322018987,1.936669925344711,1.973110407074034,,0.5762024440470711
O3 CH4ind,,2.2392381783564823,1.4670782937236029,2.7337493361435232,2.796607628738731,1.395353165234197,3.0049285871752014
strat H2O CH4ind,,1.3410418639376458,0.4407748368949226,0.6728105905256233,0.688280818319103,,0.265028099626201
aerosol,-2.3122853450334673,-2.4918311709297445,,-0.3663970129030535,-0.3166720406415116,,
aerosol CH4ind,,-0.7587614866159199,,-0.07394255004786554,,,
CH4dir,4.958119271410705,4.4351433436901795,4.45087610798106,4.092897733951466,5.473256769904486,3.312120633937546,4.048146260357203
CH4indir,,0.9603851593198818,0.8932064879231708,1.257338712345264,,1.0343718046395223,1.5909359689145193
