,OSLOCTM3,WACCM6-2deg,INCA,GFDL-emi,OSLOCTM3-emi,UKCA
O3,8.548408684236113,8.922852826540938,5.431119327550002,,8.548408684236113,7.961092108238845
CH4,16.73013948117091,16.676069099190656,19.321207308465578,,16.73013948117091,17.402555029818537
strat H2O,2.1038724431877873,0.7837493270894367,1.1013073010220322,,2.1038724431877873,
H2,0.18318603166478725,0.18361989172660176,0.10890450553204632,,0.17537050732842574,0.11348415194146314
