,OSLOCTM3,WACCM6-2deg,INCA,GFDL-emi,GFDL
O3,2.3899493515292627,1.5522453482888803,1.6926476536473347,3.9771308385754645,4.919044642730012
CH4,5.242109449029456,5.606896889670132,5.651857089578294,4.847918584227168,4.501981178506902
strat H2O,1.7266352427389735,0.5699590773229831,0.6055455696535418,2.9511025975073997,
O3 CH4ind,2.6741083373814627,2.918594555154489,1.5887159526677084,,1.8940315677126631
strat H2O CH4ind,0.5991661021303424,0.1963231980702194,0.23925915173167708,,
