,H2 burden [Tg],H2 atm loss [Tg/yr],H2 atm prod [Tg/yr],H2 soil sink [Tg/yr],H2 estimated emissions [Tg/yr],H2 atm lifetime [yrs],H2 soil sink lifetime [yrs],H2 total lifetime [yrs]
GFDL-emi,192.3998,22.31953,45.09539,54.63156,31.85569999999999,8.620244243494374,3.521770200228586,2.5002868705303594
GFDL_nudge,187.9586,21.69856,45.03848,56.5932,33.25328000000001,8.662261458824917,3.321222337666009,2.4007456212505627
INCA,194.5285,22.46967,47.10366,51.964659999999995,27.33066999999999,8.657381261051007,3.743476816744303,2.6134244776570172
OSLOCTM3,196.23519709866667,28.39208905937533,56.326479619932435,59.518554794650285,31.584164234093173,6.911615298482871,3.2970423723444457,2.2322120336703763
OSLOCTM3-emi,208.86976512,30.066624949620085,56.22570704135994,58.3556232669575,32.19654117521765,6.9468976138819745,3.5792568638071183,2.362185641428202
UKCA,191.18468000000001,26.75437,49.407090000000004,54.7,32.04728000000001,7.145923451010059,3.495149542961609,2.347138403992321
WACCM6-2deg,194.5694,29.02412,33.94021,72.96848,68.05239,6.70371401441284,2.666485583912396,1.9076815376801848
