,deltaH2,surf_h2_per_h2_flux,surf_ch4_per_h2_flux,ch4_flux_per_h2_flux,ch4_rf_per_h2_flux,trop_du_ozone_per_h2_flux,strat_du_ozone_per_h2_flux,ozone_rf_per_h2_flux,h2o_rf_per_h2_flux,aerosol_rf_per_h2_flux
GFDL-emi,197.03097999999997,6.955456023472359,0.9998427658432193,0.211803134545982,0.38521942082407556,7.968126826797508,5.228260626971063,0.3880354246829611,0.25041747241981954,-0.073084953442347
GFDL_nudge,30.535529999999994,6.978819222924636,1.1436267972045664,0.2605522839568681,0.44061653242697535,4.08893141649435,-2.424079385852275,0.20969342926092985,0.16105828194237995,-0.004060843220995346
INCA,7.225180000000009,7.360370260671706,1.1273177833863104,0.2940610130128425,0.4343329955830777,3.928001253842322,-5.564394064535312,0.1467091477305754,0.11404560163206993,0.03031066354056227
OSLOCTM3,,,,,,,,,,
OSLOCTM3-emi,13.763455806705593,6.282751884486854,1.1131201704205815,0.3049391414685606,0.42886293925964164,4.607431219932907,0.7547360199379757,0.21719109226504035,0.17001544037072036,
UKCA,6.8666900000000055,7.796915253200588,,,,4.625689505218742,,0.1658440966462734,,
WACCM6-2deg,9.92823,5.3562417470183625,1.1868182422891997,0.3300838031216692,0.45725733238918287,3.3078695598269983,-1.101545253894783,0.17625498200585604,0.051570118742212866,
